part_id_cylinder_bottom,part_id_piston_rod,assembly_rework,assembly_pressure,saw_weight,mill_surface_roughness,mill_parallelism,mill_groove_depth,mill_groove_diameter,lathe_coaxiality,lathe_diameter,lathe_length,saw_anomaly,mill_anomaly,saw_weight_qcpass,mill_surface_roughness_qcpass,mill_parallelism_qcpass,mill_groove_depth_qcpass,mill_groove_diameter_qcpass,lathe_coaxiality_qcpass,lathe_diameter_qcpass,lathe_length_qcpass,assembly_pressure_qcpass,saw_weight_missing,lathe_coaxiality_missing,lathe_diameter_missing,lathe_length_missing,saw_anomaly_missing,mill_anomaly_missing,fail
103504,200102,n,9699.5,0.530674095,2.364,0.0335,0.804,-0.036,29.2,0.0055,163.656,0.0,0.0,True,True,True,True,True,True,True,True,True,0,0,0,0,0,0,0
124704,200103,n,11633.167,0.552985716,2.29,0.0468,0.81,-0.041,46.2,0.0035,163.66,1.0,1.0,True,True,True,True,True,True,True,True,True,0,0,0,0,0,0,0
124403,200104,n,8755.167,0.557612899,2.837,0.02,0.801,-0.038,28.8,0.0015,163.66,1.0,1.0,True,False,True,True,True,True,True,True,True,0,0,0,0,0,0,0
124301,200201,n,10119.0,0.551290077,2.579,0.0446,0.795,-0.039,14.9,0.008,163.671,1.0,1.0,True,False,True,True,True,True,True,True,True,0,0,0,0,0,0,0
124103,200202,n,12576.667,0.55824872,2.683,0.0864,0.798,-0.0425,32.2,0.0045,163.654,1.0,1.0,True,False,True,True,True,True,True,True,True,0,0,0,0,0,0,0
124202,200203,n,12554.833,0.552160622,2.352,0.0516,0.796,-0.036,44.4,0.0055,163.652,1.0,1.0,True,True,True,True,True,True,True,True,True,0,0,0,0,0,0,0
124302,200204,n,9482.333,0.554899799,3.208,0.0484,0.805,-0.039,42.7,0.004,163.646,1.0,1.0,True,False,True,True,True,True,True,True,True,0,0,0,0,0,0,0
124303,200301,n,8583.0,0.556292526,2.119,0.0242,0.801,-0.036,34.1,0.0035,163.653,1.0,1.0,True,True,True,True,True,True,True,True,True,0,0,0,0,0,0,0
124702,200302,n,9534.0,0.556363663,2.268,0.0454,0.803,-0.037,22.3,0.0005,163.649,1.0,1.0,True,True,True,True,True,True,True,True,True,0,0,0,0,0,0,0
124804,200303,n,13527.5,0.556763687,2.998,0.0586,0.802,-0.0365,44.0,0.0,163.653,1.0,1.0,True,False,True,True,True,True,True,True,True,0,0,0,0,0,0,0
104002,200304,n,12446.0,0.561040232,1.927,0.031,0.798,-0.0395,33.9,0.0005,163.658,0.0,0.0,True,True,True,True,True,True,True,True,True,0,0,0,0,0,0,0
124104,200401,n,13401.5,0.549866688,3.401,0.0358,0.795,-0.036,9.09,0.0,163.677,1.0,1.0,True,False,True,True,True,True,True,True,True,0,0,0,0,0,0,0
103901,200402,n,8839.667,0.559620335,1.964,0.0625,0.8,-0.038,13.2,0.001,163.668,0.0,0.0,True,True,True,True,True,True,True,True,True,0,0,0,0,0,0,0
124003,200403,n,13456.0,0.537876586,2.598,0.0638,0.776,-0.039,32.0,-0.0005,163.665,1.0,1.0,True,False,True,True,True,True,True,True,True,0,0,0,0,0,0,0
103601,200404,n,8813.333,0.529891325,2.168,0.0895,0.794,-0.037,18.4,-0.002,163.659,0.0,0.0,True,True,True,True,True,True,True,True,True,0,0,0,0,0,0,0
104004,200501,n,9490.833,0.560620994,2.204,0.03,0.802,-0.036,49.6,0.003,163.675,0.0,0.0,True,True,True,True,True,True,True,True,True,0,0,0,0,0,0,0
103701,200502,n,9719.167,0.520956757,2.018,0.062,0.802,-0.037,48.7,-0.001,163.673,0.0,0.0,True,True,True,True,True,True,True,True,True,0,0,0,0,0,0,0
124601,200503,n,13565.833,0.547732553,4.175,0.0304,0.804,-0.0365,45.5,0.0,163.659,1.0,1.0,True,False,True,True,True,True,True,True,True,0,0,0,0,0,0,0
124501,200504,n,12686.667,0.554144136,1.342,0.0746,0.803,-0.0375,39.1,-0.0005,163.648,1.0,1.0,True,True,True,True,True,True,True,True,True,0,0,0,0,0,0,0
104103,200601,n,9603.833,0.559874808,1.731,0.0165,0.802,-0.0375,7.31,0.0,163.694,0.0,0.0,True,True,True,True,True,True,True,True,True,0,0,0,0,0,0,0
124604,200602,n,12986.667,0.55695489,2.324,0.074,0.812,-0.0375,22.5,-0.0015,163.678,1.0,1.0,True,True,True,True,True,True,True,True,True,0,0,0,0,0,0,0
109501,200603,n,12799.167,0.593221406,1.743,0.047,0.785,-0.03,7.72,-0.0025,163.689,0.0,0.0,True,True,True,True,True,True,True,True,True,0,0,0,0,0,0,0
124602,200604,n,13450.167,0.55427964,2.232,0.1746,0.8,-0.035,38.0,-0.006,163.644,1.0,1.0,True,True,False,True,True,True,True,True,True,0,0,0,0,0,0,0
124204,200701,n,13460.667,0.551416395,3.999,0.124,0.802,-0.0375,6.31,-0.0005,163.656,1.0,1.0,True,False,False,True,True,True,True,True,True,0,0,0,0,0,0,0
124603,200702,n,13400.5,0.556640515,2.362,0.0606,0.802,-0.033,35.6,-0.0025,163.692,1.0,1.0,True,True,True,True,True,True,True,True,True,0,0,0,0,0,0,0
124004,200703,n,13313.833,0.539422721,1.825,0.0458,0.793,-0.0385,55.1,-0.0075,163.629,1.0,1.0,True,True,True,True,True,False,True,True,True,0,0,0,0,0,0,0
124401,200704,n,13716.833,0.552364979,2.7,0.0376,0.793,-0.0325,13.9,-0.005,163.629,1.0,1.0,True,False,True,True,True,True,True,True,True,0,0,0,0,0,0,0
124101,200801,n,13328.333,0.545645753,2.364,0.0816,0.801,-0.038,28.2,-0.002,163.58,1.0,1.0,True,True,True,True,True,True,True,True,True,0,0,0,0,0,0,0
124002,200802,n,13614.167,0.538312987,3.172,0.0502,0.793,-0.0235,36.6,-0.0055,163.628,1.0,1.0,True,False,True,True,True,True,True,True,True,0,0,0,0,0,0,0
124701,200803,n,13521.0,0.555158004,2.422,0.0288,0.797,-0.0405,24.0,-0.0025,163.629,1.0,1.0,True,True,True,True,True,True,True,True,True,0,0,0,0,0,0,0
124102,200804,n,13675.333,0.552033053,4.191,0.0672,0.807,-0.0385,44.7,-0.003,163.634,1.0,1.0,True,False,True,True,True,True,True,True,True,0,0,0,0,0,0,0
124703,200901,n,13527.833,0.556576995,1.996,0.0416,0.798,-0.034,21.6,-0.005,163.639,1.0,1.0,True,True,True,True,True,True,True,True,True,0,0,0,0,0,0,0
124201,200902,n,12919.667,0.55380332,2.232,0.0386,0.792,-0.0375,52.5,-0.003,163.645,1.0,1.0,True,True,True,True,True,False,True,True,True,0,0,0,0,0,0,0
112601,200903,n,13247.833,0.586717183,2.331,0.5205,0.746,-0.037,25.1,-0.0085,163.633,0.0,2.0,True,True,False,False,True,True,True,True,True,0,0,0,0,0,0,0
124502,200904,n,13764.0,0.549211413,3.922,0.039,0.798,-0.0405,50.5,-0.0085,163.646,1.0,1.0,True,False,True,True,True,False,True,True,True,0,0,0,0,0,0,0
112504,201001,n,13190.0,0.588123279,1.569,0.646,0.793,-0.034,20.5,-0.006,163.637,0.0,2.0,True,True,False,True,True,True,True,True,True,0,0,0,0,0,0,0
124503,201002,n,13407.5,0.550908098,2.374,0.0636,0.807,-0.041,45.8,-0.0045,163.646,1.0,1.0,True,True,True,True,True,True,True,True,True,0,0,0,0,0,0,0
109001,201003,n,13628.667,0.589586443,1.836,0.4055,0.76,-0.0375,17.0,-0.003,163.629,0.0,2.0,True,True,False,True,True,True,True,True,True,0,0,0,0,0,0,0
124504,201004,n,13070.167,0.553826281,1.853,0.0462,0.808,-0.034,24.1,-0.0035,163.639,1.0,1.0,True,True,True,True,True,True,True,True,True,0,0,0,0,0,0,0
111404,201101,n,11937.5,0.586828569,2.107,0.583,0.743,-0.0365,21.4,0.0065,163.654,0.0,2.0,True,True,False,False,True,True,True,True,True,0,0,0,0,0,0,0
112902,201102,n,13475.0,0.597070567,1.865,0.0465,0.783,-0.028,35.9,0.0095,163.656,0.0,0.0,True,True,True,True,True,True,True,True,True,0,0,0,0,0,0,0
111802,201103,n,8213.167,0.573671717,2.655,0.3825,13.744,-0.0405,45.6,0.0055,163.652,0.0,2.0,True,False,False,False,True,True,True,True,True,0,0,0,0,0,0,0
110803,201104,n,8791.167,0.585955255,1.091,0.0835,0.808,-0.032,42.3,0.005,163.714,0.0,0.0,True,True,True,True,True,True,True,True,True,0,0,0,0,0,0,0
111002,201201,n,12793.833,0.586227128,2.679,0.362,0.768,-0.04,46.9,0.005,163.654,0.0,2.0,True,False,False,True,True,True,True,True,True,0,0,0,0,0,0,0
112603,201202,n,13240.833,0.587543962,1.583,0.5395,0.749,-0.035,44.2,-0.001,163.662,0.0,2.0,True,True,False,False,True,True,True,True,True,0,0,0,0,0,0,0
110402,201301,n,13062.667,0.587016231,1.897,0.388,0.763,-0.0315,55.1,0.0025,163.667,0.0,2.0,True,True,False,True,True,False,True,True,True,0,0,0,0,0,0,0
111203,201302,n,13457.167,0.577342673,2.547,0.361,0.771,-0.0385,49.4,0.0005,163.701,0.0,2.0,True,False,False,True,True,True,True,True,False,0,0,0,0,0,0,0
112602,201303,n,7461.167,0.5885364,1.74,0.4955,0.77,-0.0385,41.9,0.002,163.66,0.0,2.0,True,True,False,True,True,True,True,True,True,0,0,0,0,0,0,0
113303,201304,n,13098.833,0.59581787,2.16,0.0365,0.795,-0.029,54.6,0.008,163.663,0.0,0.0,True,True,True,True,True,False,True,True,True,0,0,0,0,0,0,0
112502,201401,n,13222.0,0.593444952,1.863,0.446,0.764,-0.035,33.3,-0.0025,163.653,0.0,2.0,True,True,False,True,True,True,True,True,True,0,0,0,0,0,0,0
113401,201402,n,13017.0,0.593661986,2.261,0.0905,0.798,-0.0285,34.4,-0.0015,163.662,0.0,0.0,True,True,True,True,True,True,True,True,True,0,0,0,0,0,0,0
110301,201403,n,8753.667,0.588711733,2.232,0.4365,0.759,-0.0355,22.7,0.001,163.669,0.0,2.0,True,True,False,True,True,True,True,True,True,0,0,0,0,0,0,0
109203,201404,n,7799.667,0.587088439,1.363,0.0395,0.779,-0.033,34.0,-0.002,163.672,0.0,0.0,True,True,True,True,True,True,True,True,True,0,0,0,0,0,0,0
124801,201501,n,12950.0,0.553775073,1.865,0.0774,0.805,-0.0335,23.6,-0.005,163.653,1.0,1.0,True,True,True,True,True,True,True,True,True,0,0,0,0,0,0,0
110902,201502,n,13185.167,0.588137615,1.506,0.4,0.706,-0.0195,56.7,-0.0025,163.661,0.0,2.0,True,True,False,False,True,False,True,True,True,0,0,0,0,0,0,0
109303,201503,n,12913.667,0.585821828,1.071,0.0445,0.796,-0.0345,29.5,-0.0015,163.661,0.0,0.0,True,True,True,True,True,True,True,True,True,0,0,0,0,0,0,0
111001,201504,n,13103.5,0.585295883,2.641,0.374,0.765,-0.038,26.6,-0.0005,163.675,0.0,2.0,True,False,False,True,True,True,True,True,True,0,0,0,0,0,0,0
114501,201601,n,13036.0,0.587019163,2.062,0.0585,0.803,-0.03,38.3,-0.003,163.67,0.0,0.0,True,True,True,True,True,True,True,True,True,0,0,0,0,0,0,0
114402,201602,n,8221.167,0.621226357,2.503,0.363,0.769,-0.037,25.0,-0.0025,163.709,0.0,2.0,True,False,False,True,True,True,True,True,True,0,0,0,0,0,0,0
113003,201603,n,8636.0,0.591721305,1.594,0.046,0.783,-0.03,8.22,-0.004,163.674,0.0,0.0,True,True,True,True,True,True,True,True,True,0,0,0,0,0,0,0
111701,201604,n,12677.5,0.58654576,2.205,0.038,0.791,-0.0265,6.32,-0.003,163.715,0.0,0.0,True,True,True,True,True,True,True,True,True,0,0,0,0,0,0,0
113002,201701,n,12501.5,0.594571233,2.444,0.061,0.8,-0.0265,45.6,-0.005,163.682,0.0,0.0,True,True,True,True,True,True,True,True,True,0,0,0,0,0,0,0
110303,201702,n,12032.333,0.586813727,1.275,0.0705,0.801,-0.031,41.8,-0.0075,163.73,0.0,0.0,True,True,True,True,True,True,True,True,True,0,0,0,0,0,0,0
111801,201703,n,13004.667,0.586101407,1.685,0.041,0.785,-0.0295,42.7,-0.007,163.702,0.0,0.0,True,True,True,True,True,True,True,True,True,0,0,0,0,0,0,0
113301,201704,n,12842.333,0.596286226,2.0,0.04,0.8,-0.027,42.8,-0.002,163.73,0.0,0.0,True,True,True,True,True,True,True,True,True,0,0,0,0,0,0,0
110603,201801,n,8884.667,0.590928435,1.508,0.04,0.809,-0.033,22.2,-0.0045,163.672,0.0,0.0,True,True,True,True,True,True,True,True,True,0,0,0,0,0,0,0
111703,201802,n,13055.667,0.588908595,1.654,0.048,0.794,-0.0305,32.1,-0.006,163.655,0.0,0.0,True,True,True,True,True,True,True,True,True,0,0,0,0,0,0,0
110703,201803,n,12916.5,0.585766316,1.751,0.053,0.804,-0.0315,24.9,-0.006,163.713,0.0,0.0,True,True,True,True,True,True,True,True,True,0,0,0,0,0,0,0
113404,201804,n,12516.0,0.5889736,2.281,0.0335,0.78,-0.0325,10.8,-0.008,163.689,0.0,0.0,True,True,True,True,True,True,True,True,True,0,0,0,0,0,0,0
113304,201901,n,13015.667,0.594121355,1.964,0.0435,0.794,-0.0325,44.4,-0.0055,163.677,0.0,0.0,True,True,True,True,True,True,True,True,True,0,0,0,0,0,0,0
110401,201902,n,13366.0,0.58717213,1.6,0.0575,0.812,-0.03,41.0,-0.0075,163.669,0.0,0.0,True,True,True,True,True,True,True,True,True,0,0,0,0,0,0,0
113704,201903,n,12745.167,0.587427256,2.235,0.036,0.793,-0.0285,40.2,-0.006,163.662,0.0,0.0,True,True,True,True,True,True,True,True,True,0,0,0,0,0,0,0
109504,201904,n,13781.167,0.592944403,1.786,0.0525,0.779,-0.031,16.4,-0.0075,163.71,0.0,0.0,True,True,True,True,True,True,True,True,True,0,0,0,0,0,0,0
113402,202001,n,12636.0,0.590860688,2.096,0.0385,0.784,-0.03,41.9,-0.0085,163.706,0.0,0.0,True,True,True,True,True,True,True,True,True,0,0,0,0,0,0,0
112003,202002,n,12714.833,0.584217779,2.183,0.048,0.787,-0.028,25.1,-0.0065,163.672,0.0,0.0,True,True,True,True,True,True,True,True,False,0,0,0,0,0,0,0
115501,202003,n,6623.667,0.584187618,2.096,0.0335,0.782,-0.0265,48.6,-0.004,163.692,0.0,0.0,True,True,True,True,True,True,True,True,True,0,0,0,0,0,0,0
124402,202004,n,13548.167,0.554171518,2.83,0.025,0.801,-0.0405,44.0,-0.008,163.646,1.0,1.0,True,False,True,True,True,True,True,True,True,0,0,0,0,0,0,0
112702,202101,n,13332.667,0.588463223,1.494,0.76,0.724,-0.036,38.7,-0.002,163.662,0.0,2.0,True,True,False,False,True,True,True,True,True,0,0,0,0,0,0,0
109503,202102,n,13023.833,0.58970956,2.204,0.051,0.78,-0.03,23.4,-0.005,163.672,0.0,0.0,True,True,True,True,True,True,True,True,True,0,0,0,0,0,0,0
109102,202103,n,13664.167,0.588455495,1.651,0.058,0.756,-0.0455,47.8,-0.003,163.739,0.0,0.0,True,True,True,True,True,True,True,True,True,0,0,0,0,0,0,0
122601,202104,n,12748.167,0.586229569,2.501,0.396,0.762,-0.0375,35.6,-0.0075,163.743,0.0,2.0,True,False,False,True,True,True,True,True,True,0,0,0,0,0,0,0
112604,202201,n,13214.167,0.592287663,1.697,0.424,0.76,-0.0345,4.94,-0.0025,163.667,0.0,2.0,True,True,False,True,True,True,True,True,True,0,0,0,0,0,0,0
110503,202202,n,12721.167,0.58214249,1.699,0.3705,0.767,-0.0335,29.4,-0.008,163.667,0.0,2.0,True,True,False,True,True,True,True,True,True,0,0,0,0,0,0,0
113201,202203,n,11885.667,0.5926635,1.869,0.0325,0.789,-0.031,29.9,-0.0065,163.703,0.0,0.0,True,True,True,True,True,True,True,True,True,0,0,0,0,0,0,0
109002,202204,n,13772.0,0.58464642,1.861,0.3695,0.766,-0.0335,29.3,-0.006,163.699,0.0,2.0,True,True,False,True,True,True,True,True,True,0,0,0,0,0,0,0
110504,202301,n,13336.833,0.586959084,1.667,0.3715,0.77,-0.031,39.0,-0.002,163.725,0.0,2.0,True,True,False,True,True,True,True,True,True,0,0,0,0,0,0,0
110403,202302,n,12813.5,0.585704085,2.244,0.39,0.774,-0.0385,65.1,-0.0065,163.661,0.0,2.0,True,True,False,True,True,False,True,True,True,0,0,0,0,0,0,0
111704,202303,n,13711.0,0.575690525,1.911,0.3915,0.763,-0.032,39.9,-0.0055,163.669,0.0,2.0,True,True,False,True,True,True,True,True,True,0,0,0,0,0,0,0
112503,202304,n,13397.0,0.58802225,1.256,0.4245,0.755,-0.0385,35.3,-0.006,163.663,0.0,2.0,True,True,False,True,True,True,True,True,True,0,0,0,0,0,0,0
112703,202401,n,12928.167,0.591614625,1.683,0.417,0.759,-0.034,43.7,-0.0045,163.67,0.0,2.0,True,True,False,True,True,True,True,True,True,0,0,0,0,0,0,0
112701,202402,n,13673.333,0.586547095,1.724,0.378,0.763,-0.0365,42.9,-0.008,163.656,0.0,2.0,True,True,False,True,True,True,True,True,True,0,0,0,0,0,0,0
109003,202403,n,12248.167,0.585041869,1.853,0.5655,0.75,-0.034,17.3,-0.0055,163.671,0.0,2.0,True,True,False,False,True,True,True,True,True,0,0,0,0,0,0,0
114902,202404,n,12825.667,0.580315114,2.273,0.4005,0.75,-0.035,18.9,-0.0075,163.661,0.0,2.0,True,True,False,False,True,True,True,True,True,0,0,0,0,0,0,0
110903,202501,n,13537.667,0.589207653,2.094,0.3995,0.766,-0.0365,12.1,0.0,163.669,0.0,2.0,True,True,False,True,True,True,True,True,True,0,0,0,0,0,0,0
109103,202502,n,12413.833,0.585055715,1.919,0.028,0.78,-0.034,50.4,-0.004,163.666,0.0,0.0,True,True,True,True,True,False,True,True,True,0,0,0,0,0,0,0
110604,202503,n,12984.0,0.586003343,1.689,0.402,0.763,-0.0355,18.9,-0.0025,163.656,0.0,2.0,True,True,False,True,True,True,True,True,True,0,0,0,0,0,0,0
114001,202504,n,13082.5,0.571698248,2.125,0.409,0.757,-0.035,18.3,-0.003,163.743,0.0,2.0,True,True,False,True,True,True,True,True,True,0,0,0,0,0,0,0
110602,202601,n,13479.0,0.586176366,1.704,0.349,0.773,-0.0335,13.4,-0.002,163.694,0.0,2.0,True,True,False,True,True,True,True,True,True,0,0,0,0,0,0,0
110901,202602,n,13088.0,0.584787915,2.049,0.398,0.759,-0.036,8.22,-0.0025,163.661,0.0,2.0,True,True,False,True,True,True,True,True,True,0,0,0,0,0,0,0
110702,202603,n,13403.833,0.58661126,1.966,0.05,0.796,-0.035,2.96,-0.0005,163.729,0.0,0.0,True,True,True,True,True,True,True,True,True,0,0,0,0,0,0,0
114404,202604,n,13236.667,0.581958505,2.418,0.3435,0.77,-0.0375,43.5,-0.001,163.684,0.0,2.0,True,True,False,True,True,True,True,True,True,0,0,0,0,0,0,0
109202,202701,n,9043.833,0.591797343,1.482,0.066,0.818,-0.0325,42.1,0.0065,163.693,0.0,0.0,True,True,True,True,True,True,True,True,True,0,0,0,0,0,0,0
114803,202702,n,13706.167,0.580225592,2.081,0.0525,0.769,-0.0315,38.2,0.005,163.749,0.0,0.0,True,True,True,True,True,True,True,True,True,0,0,0,0,0,0,0
109401,202703,n,13128.0,0.602044097,1.065,0.039,0.793,-0.0315,43.8,0.0015,163.67,0.0,0.0,True,True,True,True,True,True,True,True,True,0,0,0,0,0,0,0
110701,202801,n,13288.5,0.587131963,1.347,0.031,0.804,-0.033,45.2,-0.006,163.493,0.0,0.0,True,True,True,True,True,True,True,True,True,0,0,0,0,0,0,0
111602,202803,n,12929.0,0.581764687,1.988,0.077,0.783,-0.0295,61.0,-0.0025,163.678,0.0,0.0,True,True,True,True,True,False,True,True,True,0,0,0,0,0,0,0
112802,202804,n,13180.833,0.594682366,1.586,0.051,0.792,-0.0305,49.0,-0.011,163.697,0.0,0.0,True,True,True,True,True,True,True,True,True,0,0,0,0,0,0,0
109402,202901,n,13399.833,0.597827876,1.34,0.056,0.8,-0.031,25.8,-0.0065,163.673,0.0,0.0,True,True,True,True,True,True,True,True,True,0,0,0,0,0,0,0
109301,202902,n,13385.0,0.585924478,1.578,0.033,0.781,-0.032,40.6,-0.007,163.699,0.0,0.0,True,True,True,True,True,True,True,True,False,0,0,0,0,0,0,0
110601,202903,n,6727.167,0.587990077,1.495,0.042,0.79,-0.0305,13.7,-0.0075,163.68,0.0,0.0,True,True,True,True,True,True,True,True,True,0,0,0,0,0,0,0
110801,203001,n,12763.667,0.58797138,1.463,0.048,0.781,-0.0335,49.6,-0.004,163.676,0.0,0.0,True,True,True,True,True,True,True,True,True,0,0,0,0,0,0,0
112901,203002,n,13344.0,0.592096651,2.084,0.059,0.764,-0.0335,50.6,-0.01,163.688,0.0,0.0,True,True,True,True,True,False,True,True,True,0,0,0,0,0,0,0
113204,203003,n,7845.167,0.592871452,1.978,0.038,0.788,-0.0305,49.9,-0.006,163.698,0.0,0.0,True,True,True,True,True,True,True,True,True,0,0,0,0,0,0,0
110802,203004,n,13385.667,0.587886298,1.454,0.0545,0.772,-0.0315,48.5,-0.0075,163.738,0.0,0.0,True,True,True,True,True,True,True,True,True,0,0,0,0,0,0,0
111003,203101,n,13201.0,0.584986389,2.386,0.365,0.77,-0.044,66.8,-0.0115,163.691,0.0,2.0,True,True,False,True,True,False,True,True,True,0,0,0,0,0,0,0
113602,203102,n,12945.167,0.58927246,2.137,0.0275,0.783,-0.027,65.0,-0.0125,163.668,0.0,0.0,True,True,True,True,True,False,True,True,True,0,0,0,0,0,0,0
109204,203103,n,13244.333,0.587667915,2.136,0.049,0.782,-0.0335,57.4,-0.0095,163.672,0.0,0.0,True,True,True,True,True,False,True,True,True,0,0,0,0,0,0,0
113504,203104,n,12593.333,0.593044377,2.155,0.037,0.794,-0.025,68.6,-0.0105,163.666,0.0,0.0,True,True,True,True,True,False,True,True,True,0,0,0,0,0,0,0
114903,203202,n,12716.0,0.590803334,2.059,0.041,0.787,-0.0275,28.2,-0.009,163.688,0.0,0.0,True,True,True,True,True,True,True,True,True,0,0,0,0,0,0,0
110804,203204,n,13161.833,0.588224198,1.981,0.039,0.8,-0.03,39.1,-0.0115,163.669,0.0,0.0,True,True,True,True,True,True,True,True,True,0,0,0,0,0,0,0
109201,203301,n,13237.833,0.585442466,1.622,0.0565,0.786,-0.033,24.4,-0.0085,163.693,0.0,0.0,True,True,True,True,True,True,True,True,True,0,0,0,0,0,0,0
115104,203302,n,13043.167,0.586881739,2.062,0.0535,0.788,-0.0265,38.9,-0.0055,163.668,0.0,0.0,True,True,True,True,True,True,True,True,True,0,0,0,0,0,0,0
110304,203303,n,12117.333,0.587462805,1.017,0.0735,0.806,-0.034,23.9,-0.0045,163.678,0.0,0.0,True,True,True,True,True,True,True,True,True,0,0,0,0,0,0,0
111902,203304,n,13182.5,0.577570452,2.037,0.0355,0.785,-0.0305,17.1,-0.007,163.683,0.0,0.0,True,True,True,True,True,True,True,True,True,0,0,0,0,0,0,0
110704,203401,n,13057.333,0.586834535,1.678,0.056,0.816,-0.0305,45.6,-0.006,163.694,0.0,0.0,True,True,True,True,True,True,True,True,True,0,0,0,0,0,0,0
114804,203402,n,13419.5,0.587243634,2.179,0.0425,0.794,-0.0295,55.3,-0.0095,163.665,0.0,0.0,True,True,True,True,True,False,True,True,True,0,0,0,0,0,0,0
109104,203403,n,11294.333,0.588938038,2.044,0.061,0.774,-0.033,63.0,-0.0075,163.683,0.0,0.0,True,True,True,True,True,False,True,True,True,0,0,0,0,0,0,0
111903,203404,n,13134.667,0.587919256,2.015,0.0335,0.791,-0.028,67.7,-0.007,163.695,0.0,0.0,True,True,True,True,True,False,True,True,True,0,0,0,0,0,0,0
112004,203501,n,12616.667,0.585524452,2.117,0.0375,0.779,-0.0305,3.89,-0.0055,163.673,0.0,0.0,True,True,True,True,True,True,True,True,True,0,0,0,0,0,0,0
113202,203502,n,13370.833,0.595692036,2.274,0.061,0.79,-0.0275,8.75,-0.0105,163.665,0.0,0.0,True,True,True,True,True,True,True,True,True,0,0,0,0,0,0,0
114704,203503,n,13124.333,0.575252834,1.721,0.425,0.762,-0.032,17.2,-0.007,163.683,0.0,2.0,True,True,False,True,True,True,True,True,True,0,0,0,0,0,0,0
112002,203504,n,13416.333,0.583574322,1.901,0.0415,0.783,-0.03,49.7,-0.01,163.66,0.0,0.0,True,True,True,True,True,True,True,True,True,0,0,0,0,0,0,0
109101,203601,n,13947.0,0.58925392,1.723,0.067,0.777,-0.032,60.0,-0.0045,163.665,0.0,0.0,True,True,True,True,True,False,True,True,True,0,0,0,0,0,0,0
109302,203602,n,10715.667,0.587819675,1.714,0.045,0.777,-0.0305,31.9,-0.0105,163.66,0.0,0.0,True,True,True,True,True,True,True,True,True,0,0,0,0,0,0,0
110302,203603,n,12629.5,0.585677626,1.791,0.492,0.751,-0.036,11.3,-0.005,163.664,0.0,2.0,True,True,False,True,True,True,True,True,True,0,0,0,0,0,0,0
109304,203604,n,12787.167,0.578894797,2.007,0.044,0.786,-0.033,37.4,-0.0095,163.668,0.0,0.0,,,,,,True,True,True,True,1,0,0,0,1,1,0
112903,203701,n,12856.167,0.595643258,1.714,0.0465,0.779,-0.0315,38.5,-0.007,163.667,0.0,0.0,True,True,True,True,True,True,True,True,True,0,0,0,0,0,0,0
111803,203702,n,12933.333,0.588221426,1.783,0.0475,0.786,-0.029,48.8,-0.0035,163.684,0.0,0.0,True,True,True,True,True,True,True,True,True,0,0,0,0,0,0,0
109404,203703,n,13090.667,0.596767545,1.221,0.049,0.773,-0.0455,37.2,-0.005,163.674,0.0,0.0,True,True,True,True,True,True,True,True,True,0,0,0,0,0,0,0
109502,203704,n,13182.667,0.591426283,1.537,0.0475,0.78,-0.032,35.9,-0.0055,163.671,0.0,0.0,True,True,True,True,True,True,True,True,True,0,0,0,0,0,0,0
112801,203801,n,11989.0,0.597420394,2.089,0.056,0.787,-0.0325,39.5,-0.0075,163.674,0.0,0.0,True,True,True,True,True,True,True,True,True,0,0,0,0,0,0,0
111901,203802,n,11147.5,0.577514178,1.299,0.0445,0.781,-0.028,18.7,-0.0115,163.679,0.0,0.0,True,True,True,True,True,True,True,True,True,0,0,0,0,0,0,0
113104,203803,n,13016.833,0.592519933,2.034,0.0425,0.795,-0.0275,22.2,-0.01,163.666,0.0,0.0,True,True,True,True,True,True,True,True,False,0,0,0,0,0,0,0
112001,203804,n,7072.167,0.580264917,2.039,0.039,0.803,-0.0295,27.3,-0.009,163.69,0.0,0.0,True,True,True,True,True,True,True,True,False,0,0,0,0,0,0,0
113001,203901,n,6448.667,0.595888272,2.019,0.036,0.789,-0.03,25.9,-0.003,163.681,0.0,0.0,True,True,True,True,True,True,True,True,False,0,0,0,0,0,0,0
113102,203902,n,6234.5,0.592409996,1.79,0.038,0.783,-0.0285,20.0,-0.005,163.68,0.0,0.0,True,True,True,True,True,True,True,True,True,0,0,0,0,0,0,0
112904,203903,n,7637.333,0.594941077,1.828,0.049,0.787,-0.0315,42.2,-0.006,163.713,0.0,0.0,True,True,True,True,True,True,True,True,True,0,0,0,0,0,0,0
112803,203904,n,10063.833,0.590249597,1.674,0.059,0.778,-0.0315,31.2,-0.0055,163.672,0.0,0.0,True,True,True,True,True,True,True,True,True,0,0,0,0,0,0,0
112804,204001,n,11296.167,0.598032075,1.655,0.04,0.782,-0.0315,23.6,-0.003,163.671,0.0,0.0,True,True,True,True,True,True,True,True,True,0,0,0,0,0,0,0
109403,204002,n,12908.667,0.595481504,2.232,0.0455,0.78,-0.0355,11.8,-0.002,163.678,0.0,0.0,True,True,True,True,True,True,True,True,False,0,0,0,0,0,0,0
113103,204003,n,6959.0,0.592043127,2.049,0.0615,0.788,-0.032,38.4,-0.01,163.691,0.0,0.0,True,True,True,True,True,True,True,True,True,0,0,0,0,0,0,0
113502,204004,n,13427.0,0.592595965,1.923,0.0405,0.8,-0.0305,18.0,-0.0035,163.665,0.0,0.0,True,True,True,True,True,True,True,True,True,0,0,0,0,0,0,0
114503,204101,n,13206.333,0.585264,1.729,0.0435,0.783,-0.0325,49.8,-0.0025,163.674,0.0,0.0,True,True,True,True,True,True,True,True,True,0,0,0,0,0,0,0
113603,204102,n,13426.0,0.587408798,2.056,0.037,0.791,-0.033,63.9,-0.0015,163.739,0.0,0.0,True,True,True,True,True,False,True,True,True,0,0,0,0,0,0,0
113904,204103,n,13221.833,0.593835005,2.112,0.0415,0.791,-0.0265,71.6,-0.007,163.707,0.0,0.0,True,True,True,True,True,False,True,True,True,0,0,0,0,0,0,0
114101,204104,n,13271.5,0.590087446,2.035,0.039,0.776,-0.024,46.6,-0.0065,163.685,0.0,0.0,True,True,True,True,True,True,True,True,True,0,0,0,0,0,0,0
115304,204202,n,13223.5,0.586354957,2.154,0.0335,0.785,-0.0245,23.2,-0.0045,163.668,0.0,0.0,True,True,True,True,True,True,True,True,True,0,0,0,0,0,0,0
113302,204203,n,12604.833,0.592189357,2.302,0.033,0.783,-0.0295,13.1,-0.0035,163.668,0.0,0.0,True,True,True,True,True,True,True,True,True,0,0,0,0,0,0,0
113403,204204,n,12664.333,0.594776982,2.116,0.0365,0.787,-0.0325,30.8,-0.0055,163.669,0.0,0.0,True,True,True,True,True,True,True,True,True,0,0,0,0,0,0,0
113701,204301,n,13228.0,0.590824226,2.175,0.039,0.811,-0.028,46.0,-0.006,163.666,0.0,0.0,True,True,True,True,True,True,True,True,True,0,0,0,0,0,0,0
114102,204302,n,13085.833,0.588640419,2.073,0.0295,0.784,-0.026,32.5,-0.0065,163.712,0.0,0.0,True,True,True,True,True,True,True,True,True,0,0,0,0,0,0,0
110502,204303,n,12896.667,0.586965952,1.763,0.0505,0.806,-0.031,46.6,-0.0065,163.732,0.0,0.0,True,True,True,True,True,True,True,True,True,0,0,0,0,0,0,0
115204,204304,n,13124.333,0.580424794,1.947,0.035,0.794,-0.02,55.5,-0.006,163.653,0.0,0.0,True,True,True,True,True,False,True,True,True,0,0,0,0,0,0,0
113503,204401,n,13302.667,0.592207986,2.177,0.0375,0.782,-0.031,40.0,-0.0055,163.66,0.0,0.0,True,True,True,True,True,True,True,True,True,0,0,0,0,0,0,0
115403,204402,n,12893.333,0.586491785,1.736,0.034,0.774,-0.0285,18.8,-0.004,163.74,0.0,0.0,True,True,True,True,True,True,True,True,True,0,0,0,0,0,0,0
115301,204403,n,12912.833,0.586955569,1.974,0.048,0.785,-0.024,16.5,-0.0065,163.663,0.0,0.0,True,True,True,True,True,True,True,True,True,0,0,0,0,0,0,0
113804,204404,n,12531.833,0.590465464,2.289,0.0525,0.798,-0.024,17.0,-0.005,163.681,0.0,0.0,True,True,True,True,True,True,True,True,True,0,0,0,0,0,0,0
114103,204501,n,12777.167,0.589325524,2.041,0.026,0.783,-0.026,43.0,0.0085,163.669,0.0,0.0,True,True,True,True,True,True,True,True,True,0,0,0,0,0,0,0
113903,204502,n,12952.333,0.588362828,2.122,0.0405,0.784,-0.0255,13.3,0.0075,163.736,0.0,0.0,True,True,True,True,True,True,True,True,True,0,0,0,0,0,0,0
115002,204503,n,12620.0,0.581399355,1.93,0.029,0.793,-0.0245,37.1,0.0045,163.711,0.0,0.0,True,True,True,True,True,True,True,True,True,0,0,0,0,0,0,0
115401,204504,n,12759.833,0.583265069,2.083,0.0395,0.784,-0.0235,21.4,0.004,163.658,0.0,0.0,True,True,True,True,True,True,True,True,True,0,0,0,0,0,0,0
113901,204601,n,13051.833,0.584885461,2.076,0.052,0.786,-0.0265,20.0,0.009,163.659,0.0,0.0,True,True,True,True,True,True,True,True,True,0,0,0,0,0,0,0
113802,204602,n,13209.5,0.590327865,2.078,0.0385,0.797,-0.029,59.2,0.003,163.633,0.0,0.0,True,True,True,True,True,False,True,True,True,0,0,0,0,0,0,0
121203,204603,n,12934.167,0.598365483,2.041,0.0245,0.786,-0.0265,18.0,-0.0015,163.672,0.0,0.0,True,True,True,True,True,True,True,True,True,0,0,0,0,0,0,0
122801,204604,n,12812.167,0.587679384,1.966,0.042,0.775,-0.026,36.5,-0.0025,163.681,0.0,0.0,True,True,True,True,True,True,True,True,True,0,0,0,0,0,0,0
113604,204702,n,12370.833,0.590710502,2.087,0.0505,0.788,-0.0305,23.9,-0.0075,163.639,0.0,0.0,True,True,True,True,True,True,True,True,True,0,0,0,0,0,0,0
114604,204703,n,12450.667,0.589673167,2.167,0.0365,0.796,-0.0285,19.6,-0.0085,163.638,0.0,0.0,True,True,True,True,True,True,True,True,True,0,0,0,0,0,0,0
111904,204704,n,10867.833,0.586052123,2.202,0.0475,0.788,-0.029,47.4,-0.0015,163.686,0.0,0.0,True,True,True,True,True,True,True,True,True,0,0,0,0,0,0,0
115103,204801,n,13353.333,0.586757041,2.008,0.031,0.798,-0.023,23.1,-0.002,163.643,0.0,0.0,True,True,True,True,True,True,True,True,True,0,0,0,0,0,0,0
115303,204802,n,13006.5,0.586723239,2.122,0.022,0.786,-0.0265,27.9,0.0,163.637,0.0,0.0,True,True,True,True,True,True,True,True,True,0,0,0,0,0,0,0
121602,204803,n,12746.333,0.592550216,1.953,0.025,0.788,-0.0265,25.1,-0.0095,163.639,0.0,0.0,True,True,True,True,True,True,True,True,True,0,0,0,0,0,0,0
110404,204804,n,12152.667,0.585696555,1.119,0.057,0.792,-0.038,45.8,-0.0045,163.647,0.0,0.0,True,True,True,True,True,True,True,True,True,0,0,0,0,0,0,0
115302,204901,n,13000.0,0.587052459,1.797,0.0385,0.782,-0.027,55.6,0.0015,163.64,0.0,0.0,True,True,True,True,True,False,True,True,True,0,0,0,0,0,0,0
113702,204903,n,13243.333,0.592103595,2.17,0.041,0.805,-0.03,66.6,-0.0005,163.636,0.0,0.0,True,True,True,True,True,False,True,True,True,0,0,0,0,0,0,0
115402,204904,n,13380.833,0.587132647,2.104,0.0345,0.779,-0.025,66.6,0.002,163.644,0.0,0.0,True,True,True,True,True,False,True,True,True,0,0,0,0,0,0,0
114703,205001,n,12750.167,0.585855335,1.992,0.036,0.785,-0.0265,5.6,0.0,163.669,0.0,0.0,True,True,True,True,True,True,True,True,True,0,0,0,0,0,0,0
115101,205002,n,12028.167,0.578737558,1.976,0.045,0.784,-0.0295,46.7,-0.002,163.639,0.0,0.0,True,True,True,True,True,True,True,True,True,0,0,0,0,0,0,0
115102,205003,n,13102.167,0.576813144,2.066,0.031,0.798,-0.0245,15.9,-0.0025,163.648,0.0,0.0,True,True,True,True,True,True,True,True,True,0,0,0,0,0,0,0
113803,205004,n,13142.0,0.588648162,2.084,0.029,0.772,-0.0255,34.6,-0.0025,163.632,0.0,0.0,True,True,True,True,True,True,True,True,True,0,0,0,0,0,0,0
122401,205101,n,13269.0,0.588376436,2.272,0.036,0.776,-0.034,35.3,0.001,163.634,0.0,0.0,True,True,True,True,True,True,True,True,True,0,0,0,0,0,0,0
114302,205102,n,13404.833,0.590670854,2.068,0.031,0.79,-0.0255,34.8,-0.0005,163.659,0.0,0.0,True,True,True,True,True,,,,True,0,1,1,1,0,0,0
121403,205103,n,13034.0,0.6000664,2.037,0.0275,0.786,-0.0285,30.7,-0.0065,163.702,0.0,0.0,True,True,True,True,True,True,True,True,True,0,0,0,0,0,0,0
119701,205201,n,12702.5,0.581067161,1.807,0.05,0.788,-0.027,17.8,0.0,163.692,0.0,0.0,True,True,True,True,True,True,True,True,True,0,0,0,0,0,0,0
121501,205202,n,13106.333,0.592250471,1.989,0.039,0.78,-0.0255,21.1,-0.0005,163.673,0.0,0.0,True,True,True,True,True,True,True,True,True,0,0,0,0,0,0,0
119402,205203,n,12806.333,0.579963254,2.059,0.034,0.781,-0.0285,22.0,-0.0095,163.668,0.0,0.0,True,True,True,True,True,True,True,True,True,0,0,0,0,0,0,0
121302,205204,n,13147.167,0.601158753,1.874,0.026,0.778,-0.023,44.0,-0.0075,163.646,0.0,0.0,True,True,True,True,True,True,True,True,True,0,0,0,0,0,0,0
121402,205301,n,13300.333,0.603161794,2.055,0.0295,0.787,-0.026,17.9,0.0005,163.657,0.0,0.0,True,True,True,True,True,True,True,True,True,0,0,0,0,0,0,0
119401,205303,n,12454.5,0.580914793,2.073,0.026,0.784,-0.027,37.0,-0.006,163.651,0.0,0.0,True,True,True,True,True,True,True,True,True,0,0,0,0,0,0,0
121003,205304,n,13212.167,0.596953269,1.939,0.0435,0.789,-0.0295,34.3,-0.0105,163.652,0.0,0.0,True,True,True,True,True,True,True,True,True,0,0,0,0,0,0,0
120604,205401,n,12503.333,0.601656935,2.078,0.03,0.78,-0.036,29.4,0.0055,163.636,0.0,0.0,True,True,True,True,True,True,True,True,True,0,0,0,0,0,0,0
115203,205402,n,12729.5,0.586565673,2.147,0.032,0.782,-0.0255,54.1,-0.0045,163.636,0.0,0.0,True,True,True,True,True,False,True,True,True,0,0,0,0,0,0,0
120603,205403,n,12786.333,0.609152397,2.102,0.0275,0.78,-0.035,53.8,-0.004,163.742,0.0,0.0,True,True,True,True,True,False,True,True,True,0,0,0,0,0,0,0
121002,205404,n,12958.667,0.597033289,1.761,0.03,0.824,-0.025,45.1,-0.008,163.695,0.0,0.0,True,True,True,True,True,True,True,True,True,0,0,0,0,0,0,0
121301,205501,n,13088.167,0.600275642,1.909,0.023,0.783,-0.028,48.3,-0.0045,163.692,0.0,0.0,True,True,True,True,True,True,True,True,True,0,0,0,0,0,0,0
114204,205502,n,12884.333,0.591093389,2.109,0.029,0.787,-0.0265,37.5,-0.008,163.658,0.0,0.0,True,True,True,True,True,True,True,True,True,0,0,0,0,0,0,0
119802,205503,n,12235.0,0.577739904,1.789,0.032,0.781,-0.0285,62.2,-0.0115,163.646,0.0,0.0,True,True,True,True,True,False,True,True,True,0,0,0,0,0,0,0
114201,205504,n,12609.833,0.590621669,2.022,0.028,0.786,-0.027,35.4,-0.0095,163.701,0.0,0.0,True,True,True,True,True,True,True,True,True,0,0,0,0,0,0,0
113902,205602,n,12926.0,0.591027991,2.096,0.031,0.781,-0.024,40.1,-0.0115,163.734,0.0,0.0,True,True,True,True,True,True,True,True,True,0,0,0,0,0,0,0
121102,205603,n,12915.833,0.596995526,1.854,0.0355,0.789,-0.027,46.3,-0.0095,163.646,0.0,0.0,True,True,True,True,True,True,True,True,True,0,0,0,0,0,0,0
115004,205604,n,11184.833,0.584886932,2.027,0.041,0.797,-0.0295,20.2,-0.011,163.656,0.0,0.0,True,True,True,True,True,True,True,True,True,0,0,0,0,0,0,0
121603,205701,n,13095.5,0.590095568,2.256,0.036,0.78,-0.026,30.6,-0.0015,163.649,0.0,0.0,True,True,True,True,True,True,True,True,True,0,0,0,0,0,0,0
114004,205702,n,12223.167,0.588540942,1.943,0.03,0.791,-0.0265,35.3,-0.003,163.655,0.0,0.0,True,True,True,True,True,True,True,True,True,0,0,0,0,0,0,0
114304,205703,n,12517.667,0.599510122,2.077,0.0255,0.79,-0.0285,39.2,-0.0095,163.645,0.0,0.0,True,True,True,True,True,True,True,True,True,0,0,0,0,0,0,0
110501,205704,n,12971.167,0.584967763,1.756,0.052,0.812,-0.0295,58.2,-0.0125,163.646,0.0,0.0,True,True,True,True,True,False,True,True,True,0,0,0,0,0,0,0
122701,205801,n,13270.667,0.586689637,2.042,0.042,0.782,-0.0255,66.4,0.0,163.698,0.0,0.0,True,True,True,True,True,False,True,True,True,0,0,0,0,0,0,0
114401,205802,n,12938.167,0.59364416,2.095,0.025,0.784,-0.028,31.5,-0.0115,163.743,0.0,0.0,True,True,True,True,True,True,True,True,True,0,0,0,0,0,0,0
121604,205803,n,12856.833,0.593285069,2.187,0.0205,0.788,-0.026,20.1,-0.012,163.69,0.0,0.0,True,True,True,True,True,True,True,True,True,0,0,0,0,0,0,0
113801,205804,n,13131.667,0.591237895,2.14,0.0645,0.792,-0.0265,36.7,-0.0135,163.644,0.0,0.0,True,True,True,True,True,True,True,True,True,0,0,0,0,0,0,0
114202,205901,n,12271.333,0.58951278,2.245,0.034,0.79,-0.027,41.8,-0.005,163.623,0.0,0.0,True,True,True,True,True,True,True,True,True,0,0,0,0,0,0,0
114303,205902,n,12987.667,0.594404626,2.19,0.034,0.786,-0.027,46.0,-0.021,163.676,0.0,0.0,True,True,True,True,True,True,False,True,True,0,0,0,0,0,0,0
119302,205903,n,13105.167,0.580404624,2.018,0.0365,0.785,-0.026,12.7,-0.014,163.653,0.0,0.0,True,True,True,True,True,True,True,True,True,0,0,0,0,0,0,0
113501,205904,n,13131.5,0.586433119,2.046,0.038,0.794,-0.031,49.2,-0.0175,163.639,0.0,0.0,True,True,True,True,True,True,True,True,True,0,0,0,0,0,0,0
103903,206002,n,12768.833,0.559422161,1.84,0.022,0.801,-0.0385,41.5,-0.01,163.62,0.0,0.0,True,True,True,True,True,True,True,True,True,0,0,0,0,0,0,0
114301,206004,n,12535.0,0.589325853,2.023,0.028,0.789,-0.026,22.2,-0.0135,163.61,0.0,0.0,True,True,True,True,True,True,True,True,True,0,0,0,0,0,0,0
120901,206102,n,13225.667,0.602574173,1.917,0.029,0.775,-0.0335,64.4,0.0065,163.61,0.0,0.0,True,True,True,True,True,False,True,True,True,0,0,0,0,0,0,0
120101,206103,n,13145.833,0.576796672,1.816,0.0395,0.78,-0.034,41.7,-0.008,163.62,0.0,0.0,True,True,True,True,True,True,True,True,True,0,0,0,0,0,0,0
120401,206104,n,13029.0,0.573650024,2.106,0.0355,0.783,-0.0345,33.0,-0.007,163.616,0.0,0.0,True,True,True,True,True,True,True,True,True,0,0,0,0,0,0,0
118903,206201,n,12867.333,0.584831622,1.724,0.0355,0.784,-0.0415,33.4,0.0085,163.609,0.0,0.0,True,True,True,True,True,True,True,True,True,0,0,0,0,0,0,0
119602,206202,n,13021.5,0.582385182,1.777,0.032,0.805,-0.027,9.26,-0.0035,163.613,0.0,0.0,True,True,True,True,True,True,True,True,True,0,0,0,0,0,0,0
120703,206203,n,12296.0,0.602281159,2.629,0.0405,0.775,-0.035,13.6,-0.007,163.628,0.0,0.0,True,False,True,True,True,True,True,True,True,0,0,0,0,0,0,0
121802,206204,n,12618.5,0.591732639,1.908,0.0325,0.783,-0.034,17.8,-0.012,163.612,0.0,0.0,True,True,True,True,True,True,True,True,True,0,0,0,0,0,0,0
118902,206301,n,12508.5,0.583555683,1.799,0.0815,0.818,-0.037,12.5,0.0,163.645,0.0,0.0,True,True,True,True,True,True,True,True,True,0,0,0,0,0,0,0
119601,206302,n,12337.0,0.578883495,1.753,0.03,0.776,-0.026,37.7,-0.004,163.617,0.0,0.0,True,True,True,True,True,True,True,True,True,0,0,0,0,0,0,0
120601,206303,n,12242.333,0.57301066,2.157,0.05,0.779,-0.036,15.7,-0.0115,163.614,0.0,0.0,True,True,True,True,True,True,True,True,True,0,0,0,0,0,0,0
121601,206304,n,13215.667,0.592443494,2.019,0.035,0.784,-0.0235,47.7,-0.0155,163.608,0.0,0.0,True,True,True,True,True,True,True,True,True,0,0,0,0,0,0,0
121502,206401,n,12518.667,0.592554127,2.462,0.0245,0.775,-0.0355,22.5,0.0015,163.62,0.0,0.0,True,True,True,True,True,True,True,True,True,0,0,0,0,0,0,0
120702,206402,n,12198.833,0.602420742,1.835,0.04,0.777,-0.033,28.8,-0.002,163.622,0.0,0.0,True,True,True,True,True,True,True,True,True,0,0,0,0,0,0,0
118501,206403,n,13000.0,0.576777783,1.436,0.0355,0.772,-0.0385,24.1,-0.0065,163.637,0.0,0.0,True,True,True,True,True,True,True,True,True,0,0,0,0,0,0,0
121202,206404,n,13287.5,0.59805451,2.137,0.033,0.786,-0.03,35.6,-0.0075,163.673,0.0,0.0,True,True,True,True,True,True,True,True,True,0,0,0,0,0,0,0
120602,206501,n,12816.0,0.572248485,2.47,0.0365,0.779,-0.0355,71.3,0.0045,163.719,0.0,0.0,True,True,True,True,True,False,True,True,True,0,0,0,0,0,0,0
118901,206502,n,12813.167,0.583988028,2.112,0.0465,0.776,-0.0345,31.5,-0.003,163.687,0.0,0.0,True,True,True,True,True,True,True,True,True,0,0,0,0,0,0,0
118603,206503,n,12967.0,0.588987762,1.596,0.044,0.773,-0.036,44.1,-0.0035,163.629,0.0,0.0,True,True,True,True,True,True,True,True,True,0,0,0,0,0,0,0
122001,206504,n,12527.0,0.591065211,2.077,0.0235,0.776,-0.0355,45.9,-0.008,163.609,0.0,0.0,True,True,True,True,True,True,True,True,True,0,0,0,0,0,0,0
120201,206602,n,12829.667,0.577877637,2.471,0.033,0.781,-0.03,41.7,0.002,163.607,0.0,0.0,True,True,True,True,True,True,True,True,True,0,0,0,0,0,0,0
121304,206603,n,12121.333,0.599688672,1.147,0.04,0.079,-0.0405,67.6,-0.0075,163.608,0.0,0.0,True,True,True,False,True,False,True,True,True,0,0,0,0,0,0,0
114104,206604,n,12381.667,0.589760113,1.923,0.036,0.784,-0.027,25.5,-0.011,163.623,0.0,0.0,True,True,True,True,True,True,True,True,True,0,0,0,0,0,0,0
121701,206701,n,12303.333,0.592961687,1.926,0.0275,0.783,-0.035,62.8,0.004,163.479,0.0,0.0,True,True,True,True,True,False,True,True,True,0,0,0,0,0,0,0
121404,206702,n,13374.5,0.593546638,2.007,0.0305,0.786,-0.025,14.3,-0.0025,163.622,0.0,0.0,True,True,True,True,True,True,True,True,True,0,0,0,0,0,0,0
122301,206703,n,13088.5,0.586996564,1.831,0.034,0.782,-0.022,49.8,-0.0035,163.612,0.0,0.0,True,True,True,True,True,True,True,True,True,0,0,0,0,0,0,0
114002,206704,n,13411.0,0.588860155,2.142,0.0385,0.784,-0.026,13.2,-0.01,163.601,0.0,0.0,True,True,True,True,True,True,True,True,True,0,0,0,0,0,0,0
121201,206801,n,13234.667,0.598647577,2.148,0.026,0.786,-0.027,24.1,-0.005,163.612,0.0,0.0,True,True,True,True,True,True,True,True,True,0,0,0,0,0,0,0
119301,206802,n,13373.333,0.583489949,1.888,0.035,0.784,-0.024,6.54,-0.005,163.646,0.0,0.0,True,True,True,True,True,True,True,True,True,0,0,0,0,0,0,0
121204,206803,n,13101.0,0.599057699,2.112,0.0375,0.787,-0.0315,20.6,-0.0125,163.613,0.0,0.0,True,True,True,True,True,True,True,True,True,0,0,0,0,0,0,0
114003,206804,n,13308.333,0.591738135,2.152,0.021,0.785,-0.026,25.1,-0.001,163.603,0.0,0.0,True,True,True,True,True,True,True,True,True,0,0,0,0,0,0,0
121801,206901,n,13116.167,0.58955721,2.142,0.0335,0.779,-0.034,65.0,-0.003,163.619,0.0,0.0,True,True,True,True,True,False,True,True,True,0,0,0,0,0,0,0
121401,206902,n,12848.5,0.600130415,2.036,0.03,0.781,-0.0235,30.9,-0.0045,163.611,0.0,0.0,True,True,True,True,True,True,True,True,True,0,0,0,0,0,0,0
115202,206903,n,12637.833,0.585561616,1.965,0.0365,0.784,-0.0265,23.9,-0.008,163.626,0.0,0.0,True,True,True,True,True,True,True,True,True,0,0,0,0,0,0,0
121303,206904,n,13337.167,0.600119875,2.009,0.0285,0.784,-0.0245,55.9,-0.007,163.692,0.0,0.0,True,True,True,True,True,False,True,True,True,0,0,0,0,0,0,0
122201,207001,n,12816.0,0.588692793,1.926,0.037,0.789,-0.026,22.5,0.002,163.644,0.0,0.0,True,True,True,True,True,True,True,True,True,0,0,0,0,0,0,0
114203,207002,n,12212.667,0.590468313,2.028,0.031,0.785,-0.025,9.83,-0.007,163.653,0.0,0.0,True,True,True,True,True,True,True,True,True,0,0,0,0,0,0,0
122501,207003,n,13297.5,0.58721054,2.212,0.037,0.787,-0.0265,46.5,-0.0005,163.62,0.0,0.0,True,True,True,True,True,True,True,True,True,0,0,0,0,0,0,0
115201,207004,n,12928.5,0.588200859,2.176,0.0235,0.773,-0.024,22.8,0.003,163.62,0.0,0.0,True,True,True,True,True,True,True,True,True,0,0,0,0,0,0,0
121104,207101,n,13081.5,0.597455955,2.099,0.044,0.777,-0.0325,47.4,-0.0105,163.643,0.0,0.0,True,True,True,True,True,True,True,True,True,0,0,0,0,0,0,0
121103,207103,n,12825.167,0.598181833,1.824,0.0225,0.789,-0.0265,64.3,0.0005,163.622,0.0,0.0,True,True,True,True,True,False,True,True,True,0,0,0,0,0,0,0
118804,207201,n,12697.167,0.586590293,1.759,0.0525,0.766,-0.036,57.6,-0.001,163.63,0.0,0.0,True,True,True,True,True,False,True,True,True,0,0,0,0,0,0,0
118904,207202,n,12933.167,0.583598595,2.291,0.0285,0.778,-0.037,40.3,-0.001,163.617,0.0,0.0,True,True,True,True,True,True,True,True,True,0,0,0,0,0,0,0
120903,207203,n,13099.0,0.601823962,2.345,0.025,0.778,-0.034,44.8,-0.001,163.646,0.0,0.0,True,True,True,True,True,True,True,True,True,0,0,0,0,0,0,0
121504,207204,n,13119.0,0.592433308,2.503,0.03,0.781,-0.0355,50.2,-0.0075,163.632,0.0,0.0,True,False,True,True,True,False,True,True,True,0,0,0,0,0,0,0
118803,207301,n,12901.0,0.586902478,1.796,0.078,0.806,-0.0315,21.4,-0.002,163.625,0.0,0.0,True,True,True,True,True,True,True,True,True,0,0,0,0,0,0,0
120502,207303,n,11098.0,0.574369579,2.593,0.045,0.784,-0.032,40.3,-0.011,163.624,0.0,0.0,True,False,True,True,True,True,True,True,True,0,0,0,0,0,0,0
121001,207401,n,12597.333,0.600467081,1.724,0.0395,0.783,-0.0265,12.7,0.001,163.618,0.0,0.0,True,True,True,True,True,True,True,True,True,0,0,0,0,0,0,0
118604,207403,n,12566.833,0.578061072,1.654,0.0455,0.764,-0.037,41.2,0.0015,163.615,0.0,0.0,True,True,True,True,True,True,True,True,True,0,0,0,0,0,0,0
118502,207502,n,12902.667,0.576125011,1.668,0.044,0.775,-0.037,47.8,-0.0015,163.633,0.0,0.0,True,True,True,True,True,True,True,True,True,0,0,0,0,0,0,0
119702,207503,n,12929.833,0.58067444,1.728,0.0355,0.81,-0.0255,50.1,-0.0015,163.66,0.0,0.0,True,True,True,True,True,False,True,True,True,0,0,0,0,0,0,0
119502,207504,n,13015.667,0.576435323,1.833,0.024,0.787,-0.023,31.6,-0.001,163.625,0.0,0.0,True,True,True,True,True,True,True,True,True,0,0,0,0,0,0,0
120501,207601,n,12713.667,0.556478522,2.641,0.0285,0.777,-0.036,38.7,0.002,163.626,0.0,0.0,True,False,True,True,True,True,True,True,True,0,0,0,0,0,0,0
121101,207602,n,13008.167,0.596286669,1.697,0.0275,0.801,-0.028,24.3,-0.002,163.673,0.0,0.0,True,True,True,True,True,True,True,True,True,0,0,0,0,0,0,0
120701,207603,n,12381.333,0.601669988,2.072,0.033,0.777,-0.034,5.73,-0.0025,163.615,0.0,0.0,True,True,True,True,True,True,True,True,True,0,0,0,0,0,0,0
120001,207701,n,12511.333,0.577715853,2.349,0.037,0.777,-0.0345,38.2,0.0045,163.63,0.0,0.0,True,True,True,True,True,True,True,True,True,0,0,0,0,0,0,0
119501,207702,n,12203.333,0.580388284,1.869,0.0385,0.787,-0.028,35.7,-0.005,163.656,0.0,0.0,True,True,True,True,True,True,True,True,True,0,0,0,0,0,0,0
121901,207703,n,12867.333,0.591495317,2.268,0.0385,0.785,-0.034,32.7,-0.0055,163.614,0.0,0.0,True,True,True,True,True,True,True,True,True,0,0,0,0,0,0,0
120803,207704,n,12439.5,0.604411922,2.238,0.0285,0.776,-0.036,33.8,0.0015,163.623,0.0,0.0,True,True,True,True,True,True,True,True,True,0,0,0,0,0,0,0
119203,207801,n,12784.5,0.582587967,1.452,0.0425,0.775,-0.0375,48.9,0.0005,163.608,0.0,0.0,True,True,True,True,True,True,True,True,True,0,0,0,0,0,0,0
120504,207802,n,12551.667,0.574609312,2.618,0.025,0.783,-0.0295,39.2,-0.003,163.617,0.0,0.0,True,False,True,True,True,True,True,True,True,0,0,0,0,0,0,0
118801,207803,n,12979.333,0.590942513,1.651,0.067,0.805,-0.036,45.9,-0.008,163.615,0.0,0.0,True,True,True,True,True,True,True,True,True,0,0,0,0,0,0,0
122101,207804,n,12148.167,0.589876524,1.848,0.029,0.78,-0.0255,34.2,-0.005,163.621,0.0,0.0,True,True,True,True,True,True,True,True,True,0,0,0,0,0,0,0
118602,207901,n,12720.0,0.578797189,2.019,0.0495,0.773,-0.036,20.4,0.008,163.633,0.0,0.0,True,True,True,True,True,True,True,True,True,0,0,0,0,0,0,0
120802,207902,n,11773.0,0.6035426,2.326,0.0345,0.776,-0.036,24.9,0.0015,163.627,0.0,0.0,True,True,True,True,True,True,True,True,True,0,0,0,0,0,0,0
123301,207903,n,11655.167,0.541827074,6.394,0.094,0.772,-0.0455,29.6,-0.0015,163.633,1.0,1.0,True,False,True,True,True,True,True,True,True,0,0,0,0,0,0,0
120904,207904,n,12560.833,0.59842666,2.217,0.036,0.782,-0.0335,19.6,0.0005,163.615,0.0,0.0,True,True,True,True,True,True,True,True,True,0,0,0,0,0,0,0
123002,208001,n,11748.0,0.541805357,6.509,0.349,0.792,-0.05,37.5,0.011,163.622,1.0,1.0,True,False,False,True,False,True,True,True,True,0,0,0,0,0,0,0
123303,208003,n,12372.333,0.543916763,6.035,0.117,0.795,-0.046,36.9,0.008,163.61,1.0,1.0,True,False,False,True,True,True,True,True,True,0,0,0,0,0,0,0
121702,208004,n,12808.333,0.592603667,1.964,0.05,0.78,-0.0355,17.3,0.0105,163.674,0.0,0.0,True,True,True,True,True,True,True,True,True,0,0,0,0,0,0,0
119102,208101,n,12471.5,0.581277263,1.549,0.0705,0.758,-0.0345,56.8,0.013,163.615,0.0,0.0,True,True,True,True,True,False,True,True,True,0,0,0,0,0,0,0
118702,208103,n,12669.333,0.585954476,1.494,0.0365,0.778,-0.0325,36.7,-0.004,163.658,0.0,0.0,True,True,True,True,True,True,True,True,True,0,0,0,0,0,0,0
120804,208201,n,12590.0,0.600220477,2.16,0.0265,0.779,-0.0365,45.4,-0.0025,163.617,0.0,0.0,True,True,True,True,True,True,True,True,True,0,0,0,0,0,0,0
120902,208202,n,12826.667,0.600012842,2.28,0.036,0.775,-0.033,40.9,-0.006,163.676,0.0,0.0,True,True,True,True,True,True,True,True,True,0,0,0,0,0,0,0
121004,208203,n,12981.667,0.598127117,2.48,0.074,0.78,-0.035,46.5,-0.0105,163.612,0.0,0.0,True,True,True,True,True,True,True,True,True,0,0,0,0,0,0,0
120801,208204,n,12284.5,0.599695126,2.259,0.047,0.776,-0.03,23.4,0.002,163.624,0.0,0.0,True,True,True,True,True,True,True,True,True,0,0,0,0,0,0,0
121704,208401,n,10187.167,0.590132666,2.394,0.02,0.805,-0.034,33.2,0.01,163.625,0.0,0.0,True,True,True,True,True,True,True,True,True,0,0,0,0,0,0,0
119804,208403,n,9991.0,0.580527943,2.317,0.023,0.802,-0.032,41.8,0.002,163.642,0.0,0.0,True,True,True,True,True,True,True,True,False,0,0,0,0,0,0,0
119403,208502,n,7205.5,0.581077685,2.031,0.0265,0.804,-0.0345,31.1,0.0,163.642,0.0,0.0,True,True,True,True,True,True,True,True,True,0,0,0,0,0,0,0
121902,208503,n,8260.5,0.591717961,2.259,0.02,0.808,-0.033,17.3,0.003,163.638,0.0,0.0,True,True,True,True,True,True,True,True,True,0,0,0,0,0,0,0
102301,208602,n,11536.333,0.528702034,1.844,0.039,0.789,-0.0315,32.8,-0.001,163.635,0.0,0.0,True,True,True,True,True,True,True,True,True,0,0,0,0,0,0,0
108202,208603,n,10160.0,0.589323487,2.076,0.0265,0.794,-0.032,91.3,0.003,163.634,0.0,0.0,True,True,True,True,True,False,True,True,True,0,0,0,0,0,0,0
115604,208801,n,10229.167,0.585396281,2.218,0.0165,0.796,-0.0335,40.4,0.005,163.637,0.0,0.0,True,True,True,True,True,True,True,True,True,0,0,0,0,0,0,0
119904,208802,n,10288.833,0.575529409,2.291,0.0245,0.804,-0.0335,30.7,-0.002,163.643,0.0,0.0,True,True,True,True,True,True,True,True,True,0,0,0,0,0,0,0
119604,208803,n,10353.0,0.578894797,2.355,0.014,0.802,-0.035,61.7,0.002,163.624,0.0,0.0,True,True,True,True,True,False,True,True,True,0,0,0,0,0,0,0
120404,208901,n,10389.333,0.573882481,2.199,0.016,0.806,-0.0305,31.4,0.007,163.692,0.0,0.0,True,True,True,True,True,True,True,True,True,0,0,0,0,0,0,0
107804,208902,n,10215.0,0.588214535,1.605,0.0635,0.803,-0.033,15.9,0.002,163.637,0.0,0.0,True,True,True,True,True,True,True,True,True,0,0,0,0,0,0,0
102701,208903,n,10126.833,0.525176331,2.036,0.0235,0.792,-0.035,19.8,0.001,163.671,0.0,0.0,True,True,True,True,True,True,True,True,True,0,0,0,0,0,0,0
122202,209001,n,10108.5,0.588654041,2.384,0.0185,0.811,-0.0305,25.0,0.003,163.69,0.0,0.0,True,True,True,True,True,True,True,True,True,0,0,0,0,0,0,0
102902,209004,y,9265.167,0.524850809,1.92,0.028,0.792,-0.034,27.4,0.004,163.64,0.0,0.0,True,True,True,True,True,,,,True,0,0,0,0,0,0,1
120003,209101,n,10014.833,0.579702583,2.073,0.0165,0.807,-0.0295,44.6,0.005,163.64,0.0,0.0,True,True,True,True,True,True,True,True,True,0,0,0,0,0,0,0
106902,209103,y,10747.833,0.548849185,1.907,0.0185,0.801,-0.0365,42.5,0.0,163.619,0.0,0.0,True,True,True,True,True,,,,True,0,0,0,0,0,0,1
107101,209201,y,9926.0,0.548409355,1.795,0.021,0.807,-0.033,27.7,0.009,163.666,0.0,0.0,True,True,True,True,True,,,,True,0,0,0,0,0,0,1
107102,209203,y,10049.0,0.547394184,1.723,0.1085,0.836,-0.032,50.9,0.0,163.484,0.0,0.0,True,True,False,True,True,,,,True,0,0,0,0,0,0,1
119304,209204,n,9804.0,0.580299088,2.003,0.0195,0.801,-0.0345,23.2,-0.004,163.731,0.0,0.0,True,True,True,True,True,True,True,True,True,0,0,0,0,0,0,0
102602,209301,n,10371.667,0.527126831,2.044,0.023,0.788,-0.0275,38.9,0.01,163.643,0.0,0.0,True,True,True,True,True,True,True,True,True,0,0,0,0,0,0,0
122102,209302,n,10240.5,0.59021965,2.356,0.03,0.802,-0.0305,29.8,0.002,163.666,0.0,0.0,True,True,True,True,True,True,True,True,True,0,0,0,0,0,0,0
119303,209303,n,10643.0,0.57885919,2.023,0.053,0.8,-0.035,21.8,0.002,163.712,0.0,0.0,True,True,True,True,True,True,True,True,True,0,0,0,0,0,0,0
115504,209304,n,10249.5,0.584484206,2.467,0.0145,0.797,-0.035,57.0,0.017,163.652,0.0,0.0,True,True,True,True,True,False,True,True,True,0,0,0,0,0,0,0
120304,209401,n,10549.667,0.574371678,2.427,0.036,0.804,-0.0305,30.4,0.006,163.655,0.0,0.0,True,True,True,True,True,True,True,True,True,0,0,0,0,0,0,0
120303,209402,n,9683.333,0.577117608,2.12,0.0195,0.804,-0.034,15.9,0.013,163.641,0.0,0.0,True,True,True,True,True,True,True,True,True,0,0,0,0,0,0,0
121803,209403,n,9992.0,0.594435176,2.526,0.0265,0.805,-0.0325,5.13,-0.002,163.727,0.0,0.0,True,False,True,True,True,True,True,True,True,0,0,0,0,0,0,0
115502,209501,n,10478.5,0.584535092,2.31,0.019,0.798,-0.035,29.0,0.015,163.729,0.0,0.0,True,True,True,True,True,True,True,True,True,0,0,0,0,0,0,0
102101,209503,n,10452.167,0.529417404,1.992,0.0305,0.78,-0.0275,26.7,-0.004,163.675,0.0,0.0,True,True,True,True,True,True,True,True,True,0,0,0,0,0,0,0
115602,209504,n,9985.5,0.588068201,2.345,0.024,0.794,-0.03,24.6,0.008,163.686,0.0,0.0,True,True,True,True,True,True,True,True,True,0,0,0,0,0,0,0
120204,209601,n,10423.333,0.57415909,2.163,0.0245,0.804,-0.0325,32.1,-0.007,163.702,0.0,0.0,True,True,True,True,True,True,True,True,True,0,0,0,0,0,0,0
107802,209602,n,10975.0,0.581879026,2.093,0.0685,0.809,-0.0325,41.1,-0.004,163.659,0.0,0.0,True,True,True,True,True,True,True,True,True,0,0,0,0,0,0,0
120302,209603,n,10538.0,0.577759213,1.872,0.0185,0.803,-0.0315,24.5,-0.011,163.703,0.0,0.0,True,True,True,True,True,True,True,True,True,0,0,0,0,0,0,0
120402,209604,y,10593.167,0.577331595,2.142,0.0155,0.808,-0.0315,19.9,0.006,163.716,0.0,0.0,True,True,True,True,True,,,,True,0,0,0,0,0,0,1
120203,209701,n,10171.0,0.575913406,1.971,0.022,0.796,-0.0125,25.5,0.012,163.653,0.0,0.0,True,True,True,True,True,True,True,True,True,0,0,0,0,0,0,0
107803,209702,n,10203.0,0.585553333,2.188,0.041,0.794,-0.038,33.9,0.011,163.651,0.0,0.0,True,True,True,True,True,True,True,True,True,0,0,0,0,0,0,0
122002,209703,n,10342.0,0.591681449,2.184,0.021,0.808,-0.0315,45.6,0.015,163.676,0.0,0.0,True,True,True,True,True,True,True,True,True,0,0,0,0,0,0,0
119903,209704,y,11227.667,0.579028792,2.179,0.0175,0.81,-0.0325,43.2,0.012,163.681,0.0,0.0,True,True,True,True,True,,,,True,0,0,0,0,0,0,1
108102,209801,n,10303.0,0.589623931,1.702,0.0525,0.795,-0.0335,60.7,-0.007,163.733,0.0,0.0,True,True,True,True,True,False,True,True,True,0,0,0,0,0,0,0
120004,209802,n,9755.667,0.577487227,2.06,0.026,0.806,-0.0345,35.1,-0.011,163.586,0.0,0.0,True,True,True,True,True,True,True,True,True,0,0,0,0,0,0,0
102801,209803,n,10195.167,0.526277524,2.042,0.023,0.791,-0.0325,44.6,0.005,163.63,0.0,0.0,True,True,True,True,True,True,True,True,True,0,0,0,0,0,0,0
108001,209804,n,9258.833,0.585942518,2.26,0.0305,0.727,-0.0365,19.9,-0.01,163.584,0.0,0.0,True,True,True,False,True,True,True,True,True,0,0,0,0,0,0,0
108201,209901,n,11083.5,0.590843127,2.176,0.023,0.79,-0.0325,24.6,0.01,163.627,0.0,0.0,True,True,True,True,True,True,True,True,True,0,0,0,0,0,0,0
121804,209902,n,9360.5,0.589596072,2.037,0.0195,0.812,-0.032,35.7,-0.005,163.654,0.0,0.0,True,True,True,True,True,True,True,True,True,0,0,0,0,0,0,0
102803,209903,y,7775.667,0.525516718,2.015,0.021,0.792,-0.035,15.9,0.006,163.641,0.0,0.0,True,True,True,True,True,,,,True,0,0,0,0,0,0,1
120202,209904,n,9756.167,0.575184185,1.962,0.0255,0.802,-0.0325,27.0,-0.002,163.582,0.0,0.0,True,True,True,True,True,True,True,True,True,0,0,0,0,0,0,0
102903,210001,y,8520.167,0.5265912,1.944,0.0185,0.787,-0.0335,21.9,0.011,163.702,0.0,0.0,True,True,True,True,True,,,,True,0,0,0,0,0,0,1
103002,210002,n,9923.167,0.527202773,2.066,0.0605,0.789,-0.0365,28.3,0.005,163.7,0.0,0.0,True,True,True,True,True,True,True,True,True,0,0,0,0,0,0,0
119504,210003,y,9913.667,0.578371751,1.895,0.0205,0.802,-0.035,30.4,0.008,163.635,0.0,0.0,True,True,True,True,True,,,,True,0,0,0,0,0,0,1
120104,210004,n,9788.5,0.576800573,1.974,0.028,0.799,-0.036,55.3,0.01,163.636,0.0,0.0,True,True,True,True,True,False,True,True,True,0,0,0,0,0,0,0
102403,210101,n,10702.5,0.527664639,1.626,0.0215,0.791,-0.029,42.8,0.008,163.646,0.0,0.0,True,True,True,True,True,True,True,True,True,0,0,0,0,0,0,0
102104,210102,y,10382.167,0.526166841,1.539,0.038,0.785,-0.0285,31.2,0.009,163.659,0.0,0.0,True,True,True,True,True,,,,True,0,0,0,0,0,0,1
102303,210103,y,10572.167,0.526384352,2.118,0.0295,0.782,-0.0275,53.7,0.009,163.665,0.0,0.0,True,True,True,True,True,,,,False,0,0,0,0,0,0,1
102703,210104,n,7205.333,0.525492918,2.321,0.0255,0.792,-0.0355,21.7,0.006,163.691,0.0,0.0,True,True,True,True,True,True,True,True,False,0,0,0,0,0,0,0
120103,210201,y,6273.833,0.562267846,2.257,0.028,0.798,-0.035,10.1,0.006,163.672,0.0,0.0,True,True,True,True,True,,,,True,0,0,0,0,0,0,1
102204,210202,y,10944.333,0.529601096,1.419,0.058,0.782,-0.0315,29.8,0.003,163.637,0.0,0.0,True,True,True,True,True,,,,True,0,0,0,0,0,0,1
102404,210203,y,9071.5,0.528329089,1.622,0.03,0.781,-0.0265,30.2,0.007,163.648,0.0,0.0,True,True,True,True,True,,,,True,0,0,0,0,0,0,1
102202,210204,y,9606.833,0.530455384,1.701,0.0315,0.784,-0.0285,36.2,0.002,163.65,0.0,0.0,True,True,True,True,True,,,,True,0,0,0,0,0,0,1
102102,210301,y,10733.167,0.532152555,1.284,0.037,0.778,-0.0275,42.5,0.005,163.665,0.0,0.0,True,True,True,True,True,,,,True,0,0,0,0,0,0,1
107801,210302,n,10341.333,0.585453984,2.135,0.0415,0.794,-0.0345,32.0,-0.003,163.614,0.0,0.0,True,True,True,True,True,True,True,True,True,0,0,0,0,0,0,0
108004,210303,n,11678.333,0.588108996,2.193,0.1225,0.798,-0.034,36.0,-0.002,163.598,0.0,0.0,True,True,False,True,True,True,True,True,True,0,0,0,0,0,0,0
107302,210304,y,10567.5,0.552529887,2.041,0.019,0.8,-0.0335,33.7,-0.002,163.611,0.0,0.0,True,True,True,True,True,,,,True,0,0,0,0,0,0,1
107903,210401,n,9545.333,0.588811695,1.94,0.032,0.792,-0.031,14.0,0.001,163.595,0.0,0.0,True,True,True,True,True,True,True,True,True,0,0,0,0,0,0,0
104503,210402,n,9748.333,0.55283016,1.663,0.042,0.794,-0.023,42.9,-0.002,163.614,0.0,0.0,True,True,True,True,True,True,True,True,True,0,0,0,0,0,0,0
119603,210403,n,10047.167,0.579023943,1.921,0.018,0.802,-0.0315,42.4,0.0,163.587,0.0,0.0,True,True,True,True,True,True,True,True,False,0,0,0,0,0,0,0
107401,210404,y,7350.833,0.593016991,2.17,0.0195,0.801,-0.032,24.3,-0.002,163.613,0.0,0.0,True,True,True,True,True,,,,True,0,0,0,0,0,0,1
102804,210501,n,9674.167,0.52643554,2.002,0.0245,0.791,-0.0315,40.3,0.006,163.592,0.0,0.0,True,True,True,True,True,True,True,True,True,0,0,0,0,0,0,0
100201,210502,y,10012.0,0.530946676,1.605,0.021,0.808,-0.0285,22.6,0.0,163.631,0.0,0.0,True,True,True,True,True,,,,True,0,0,0,0,0,0,1
120102,210503,n,11218.0,0.576130384,2.137,0.0285,0.806,-0.032,29.0,0.003,163.606,0.0,0.0,True,True,True,True,True,True,True,True,True,0,0,0,0,0,0,0
107103,210504,y,8809.5,0.548972721,1.962,0.044,0.81,-0.03,35.9,0.002,163.617,0.0,0.0,True,True,True,True,True,,,,True,0,0,0,0,0,0,1
108002,210601,n,10366.167,0.589981923,2.063,0.0305,0.796,-0.0325,67.4,0.008,163.607,0.0,0.0,True,True,True,True,True,False,True,True,True,0,0,0,0,0,0,0
107703,210602,n,9868.667,0.587503377,1.889,0.029,0.794,-0.032,36.4,0.0,163.668,0.0,0.0,True,True,True,True,True,True,True,True,True,0,0,0,0,0,0,0
107902,210603,n,10103.5,0.590270632,2.012,0.037,0.799,-0.032,42.8,-0.002,163.614,0.0,0.0,True,True,True,True,True,True,True,True,True,0,0,0,0,0,0,0
120403,210604,y,10117.5,0.575659728,2.532,0.021,0.807,-0.031,36.8,0.001,163.625,0.0,0.0,True,False,True,True,True,,,,True,0,0,0,0,0,0,1
103004,210701,y,10742.0,0.524754606,2.266,0.018,0.792,-0.032,24.6,0.005,163.611,0.0,0.0,True,True,True,True,True,,,,True,0,0,0,0,0,0,1
102201,210702,n,9530.333,0.526938164,2.312,0.031,0.781,-0.028,44.2,-0.001,163.61,0.0,0.0,True,True,True,True,True,True,True,True,True,0,0,0,0,0,0,0
108104,210703,n,9760.167,0.59110184,1.741,0.1005,0.783,-0.0355,30.9,0.002,163.616,0.0,0.0,True,True,False,True,True,True,True,True,True,0,0,0,0,0,0,0
119704,210704,n,11057.5,0.580899155,2.105,0.05,0.813,-0.032,49.4,-0.002,163.611,0.0,0.0,True,True,True,True,True,True,True,True,True,0,0,0,0,0,0,0
107901,210801,n,10902.0,0.601503916,1.856,0.035,0.801,-0.0355,44.1,0.011,163.61,0.0,0.0,True,True,True,True,True,True,True,True,True,0,0,0,0,0,0,0
119803,210802,n,9570.167,0.57796621,2.291,0.023,0.798,-0.0355,12.9,0.003,163.612,0.0,0.0,True,True,True,True,True,True,True,True,True,0,0,0,0,0,0,0
107203,210803,y,10121.333,0.551881477,2.072,0.0415,0.81,-0.0325,32.9,0.002,163.705,0.0,0.0,True,True,True,True,True,,,,True,0,0,0,0,0,0,1
107601,210804,y,10293.0,0.591001169,1.839,0.069,0.79,-0.0315,43.7,0.003,163.638,0.0,0.0,True,True,True,True,True,,,,True,0,0,0,0,0,0,1
100103,210901,y,9581.667,0.529678721,1.995,0.0245,0.8,-0.031,31.9,0.005,163.647,0.0,0.0,True,True,True,True,True,,,,True,0,0,0,0,0,0,1
107104,210902,y,9462.333,0.551295872,1.967,0.063,0.808,-0.0275,9.64,0.009,163.632,0.0,0.0,True,True,True,True,True,,,,True,0,0,0,0,0,0,1
106904,210903,y,10087.0,0.548170552,1.714,0.0635,0.808,-0.0335,21.7,0.006,163.645,0.0,0.0,True,True,True,True,True,,,,False,0,0,0,0,0,0,1
107001,210904,y,84.0,0.548660067,1.682,0.063,0.804,-0.024,46.4,0.007,163.677,0.0,0.0,True,True,True,True,True,,,,True,0,0,0,0,0,0,1
103001,211001,y,10792.0,0.524174425,2.134,0.0245,0.793,-0.0305,54.9,0.013,163.698,0.0,0.0,True,True,True,True,True,,,,True,0,0,0,0,0,0,1
107701,211002,y,10332.5,0.5919344,1.829,0.029,0.795,-0.03,40.0,0.008,163.622,0.0,0.0,True,True,True,True,True,,,,True,0,0,0,0,0,0,1
107003,211003,y,10446.333,0.547930941,1.821,0.0315,0.796,-0.032,32.2,0.007,163.644,0.0,0.0,True,True,True,True,True,,,,True,0,0,0,0,0,0,1
107404,211004,y,10288.167,0.57661768,2.144,0.0175,0.781,-0.027,33.7,0.006,163.623,0.0,0.0,True,True,True,True,True,,,,True,0,0,0,0,0,0,1
102702,211101,n,11512.0,0.523784202,2.11,0.0475,0.793,-0.0355,96.7,-0.007,163.713,0.0,0.0,True,True,True,True,True,False,True,True,True,0,0,0,0,0,0,0
107301,211102,y,10218.5,0.551922936,2.18,0.02,0.794,-0.0315,44.2,-0.015,163.6,0.0,0.0,True,True,True,True,True,,,,True,0,0,0,0,0,0,1
107502,211103,y,10642.5,0.589135042,2.062,0.032,0.799,-0.032,48.1,-0.007,163.629,0.0,0.0,True,True,True,True,True,,,,True,0,0,0,0,0,0,1
107202,211104,y,10093.667,0.552084464,1.7,0.019,0.809,-0.0325,48.6,-0.005,163.685,0.0,0.0,True,True,True,True,True,,,,True,0,0,0,0,0,0,1
102904,211201,n,9376.0,0.525943262,1.636,0.0455,0.793,-0.034,17.1,0.004,163.643,0.0,0.0,True,True,True,True,True,True,True,True,True,0,0,0,0,0,0,0
107002,211202,y,10411.167,0.54824371,1.739,0.0235,0.802,-0.033,23.0,-0.001,163.732,0.0,0.0,True,True,True,True,True,,,,True,0,0,0,0,0,0,1
108204,211203,n,10359.5,0.590628436,2.1,0.02,0.793,-0.038,31.1,0.007,163.644,0.0,0.0,True,True,True,True,True,True,True,True,True,0,0,0,0,0,0,0
102802,211204,y,10264.667,0.525257498,1.835,0.0595,0.798,-0.0345,11.1,0.005,163.685,0.0,0.0,True,True,True,True,True,,,,True,0,0,0,0,0,0,1
108101,211301,y,10176.167,0.591347536,2.025,0.0225,0.793,-0.0345,17.4,0.008,163.631,0.0,0.0,True,True,True,True,True,,,,True,0,0,0,0,0,0,1
106803,211302,y,10215.667,0.547749276,1.817,0.0205,0.8,-0.0325,40.1,-0.003,163.7,0.0,0.0,True,True,True,True,True,,,,True,0,0,0,0,0,0,1
107702,211303,y,9365.667,0.58122749,1.849,0.0195,0.8,-0.0315,24.3,0.003,163.607,0.0,0.0,True,True,True,True,True,,,,True,0,0,0,0,0,0,1
100204,211401,y,9995.833,0.531794579,1.468,0.0335,0.792,-0.027,18.5,-0.007,163.609,0.0,0.0,True,True,True,True,True,,,,False,0,0,0,0,0,0,1
100203,211402,n,5455.667,0.532307988,1.305,0.0295,0.808,-0.029,27.4,-0.006,163.652,0.0,0.0,True,True,True,True,True,True,True,True,True,0,0,0,0,0,0,0
107501,211403,n,9617.0,0.576641522,2.137,0.0275,0.8,-0.0365,52.4,-0.009,163.607,0.0,0.0,True,True,True,True,True,False,True,True,True,0,0,0,0,0,0,0
106804,211404,y,9548.667,0.549238466,1.921,0.021,0.798,-0.0325,20.2,-0.005,163.612,0.0,0.0,True,True,True,True,True,,,,True,0,0,0,0,0,0,1
100304,211501,y,10494.167,0.531809265,1.215,0.0225,0.804,-0.028,38.6,0.014,163.602,0.0,0.0,True,True,True,True,True,,,,True,0,0,0,0,0,0,1
107303,211502,y,9826.5,0.553325883,2.041,0.0355,0.802,-0.0295,38.3,0.01,163.631,0.0,0.0,True,True,True,True,True,,,,True,0,0,0,0,0,0,1
108103,211503,n,11132.0,0.586460299,2.075,0.0205,0.791,-0.0345,39.1,0.019,163.611,0.0,0.0,True,True,True,True,True,True,False,True,True,0,0,0,0,0,0,0
107602,211504,n,11668.167,0.581639365,1.936,0.064,0.795,-0.0315,37.4,0.009,163.604,0.0,0.0,True,True,True,True,True,True,True,True,True,0,0,0,0,0,0,0
100403,211601,y,7957.167,0.520474774,1.285,0.0495,0.805,-0.0305,37.7,0.017,163.638,0.0,0.0,True,True,True,True,True,,,,True,0,0,0,0,0,0,1
107504,211602,y,9695.167,0.578452375,2.234,0.038,0.805,-0.028,45.9,0.01,163.609,0.0,0.0,True,True,True,True,True,,,,True,0,0,0,0,0,0,1
104602,211603,n,10019.0,0.55242717,1.552,0.034,0.792,-0.0275,31.5,0.007,163.61,0.0,0.0,True,True,True,True,True,True,True,True,True,0,0,0,0,0,0,0
106901,211604,y,9933.167,0.549210087,1.907,0.0155,0.794,-0.0315,35.0,0.01,163.606,0.0,0.0,True,True,True,True,True,,,,False,0,0,0,0,0,0,1
103502,214102,y,87.667,0.528823687,2.248,0.023,0.794,-0.0335,34.8,-0.0005,163.659,0.0,0.0,True,True,True,True,True,,,,False,0,1,1,1,0,0,1
101504,214104,y,90.333,0.537711487,2.262,0.0295,0.801,-0.032,34.8,-0.0005,163.659,0.0,0.0,True,True,True,True,True,,,,False,0,1,1,1,0,0,1
103904,214702,y,72.333,0.559215882,1.922,0.0195,0.798,-0.0345,34.8,-0.0005,163.659,0.0,0.0,True,True,True,True,True,,,,False,0,1,1,1,0,0,1
104104,214704,y,86.333,0.557468223,1.635,0.048,0.795,-0.0375,34.8,-0.0005,163.659,0.0,0.0,True,True,True,True,True,,,,True,0,1,1,1,0,0,1
103703,215001,n,13444.333,0.516034788,1.826,0.038,0.806,-0.0385,34.8,-0.0005,163.659,0.0,0.0,True,True,True,True,True,,,,True,0,1,1,1,0,0,0
103302,215002,n,12735.333,0.523800698,2.495,0.023,0.791,-0.0375,34.8,-0.0005,163.659,0.0,0.0,True,True,True,True,True,,,,True,0,1,1,1,0,0,0
103702,215003,n,12921.833,0.516659433,1.928,0.0445,0.8,-0.0385,34.8,-0.0005,163.659,0.0,0.0,True,True,True,True,True,,,,True,0,1,1,1,0,0,0
104102,215004,n,12795.0,0.55870674,1.965,0.0635,0.804,-0.036,34.8,-0.0005,163.659,0.0,0.0,True,True,True,True,True,,,,True,0,1,1,1,0,0,0
103704,215101,n,12785.667,0.518737862,1.931,0.025,0.796,-0.038,34.8,-0.0005,163.659,0.0,0.0,True,True,True,True,True,,,,True,0,1,1,1,0,0,0
101704,215102,n,12987.5,0.540158215,1.6,0.02,0.799,-0.033,34.8,-0.0005,163.659,0.0,0.0,True,True,True,True,True,,,,True,0,1,1,1,0,0,0
104101,215103,n,13356.333,0.559680498,1.754,0.0405,0.791,-0.035,34.8,-0.0005,163.659,0.0,0.0,True,True,True,True,True,,,,True,0,1,1,1,0,0,0
103804,215104,n,12789.833,0.562750523,1.872,0.022,0.798,-0.033,28.4,0.007,163.644,0.0,0.0,True,True,True,True,True,,,,True,0,0,0,0,0,0,0
103503,215201,n,12384.0,0.532255308,2.325,0.04,0.8,-0.0365,34.8,-0.0005,163.659,0.0,0.0,True,True,True,True,True,,,,True,0,1,1,1,0,0,0
101404,215202,n,12934.0,0.537125504,2.591,0.036,0.803,-0.031,34.8,-0.0005,163.659,0.0,0.0,True,False,True,True,True,,,,True,0,1,1,1,0,0,0
102003,215203,n,11515.167,0.528991763,1.52,0.0265,0.794,-0.0335,34.8,-0.0005,163.659,0.0,0.0,True,True,True,True,True,,,,True,0,1,1,1,0,0,0
104001,215204,n,12886.333,0.559541863,1.718,0.019,0.798,-0.0375,47.1,0.005,163.668,0.0,0.0,True,True,True,True,True,,,,True,0,0,0,0,0,0,0
103203,215301,n,11488.0,0.522319328,1.894,0.064,0.789,-0.038,34.8,-0.0005,163.659,0.0,0.0,True,True,True,True,True,,,,True,0,1,1,1,0,0,0
103902,215302,n,12388.333,0.57112405,1.65,0.0595,0.804,-0.0405,34.8,-0.0005,163.659,0.0,0.0,True,True,True,True,True,,,,True,0,1,1,1,0,0,0
103101,215303,n,10858.0,0.521954675,2.15,0.019,0.796,-0.032,34.8,-0.0005,163.659,0.0,0.0,True,True,True,True,True,,,,True,0,1,1,1,0,0,0
103301,215304,n,13023.5,0.521904382,2.025,0.027,0.788,-0.0375,34.8,-0.0005,163.659,0.0,0.0,True,True,True,True,True,,,,True,0,1,1,1,0,0,0
103102,215401,n,12785.167,0.521908164,2.004,0.026,0.798,-0.0315,34.8,-0.0005,163.659,0.0,0.0,True,True,True,True,True,,,,True,0,1,1,1,0,0,0
102001,215402,n,13131.333,0.529239503,1.522,0.018,0.798,-0.033,34.8,-0.0005,163.659,0.0,0.0,True,True,True,True,True,,,,True,0,1,1,1,0,0,0
104704,215403,n,12646.667,0.552362332,1.843,0.0295,0.806,-0.037,34.8,-0.0005,163.659,0.0,0.0,True,True,True,True,True,,,,True,0,1,1,1,0,0,0
103204,215404,n,12596.667,0.522811149,2.257,0.048,0.788,-0.044,34.8,-0.0005,163.659,0.0,0.0,True,True,True,True,True,,,,True,0,1,1,1,0,0,0
103103,215501,n,12941.167,0.523395738,2.249,0.0515,0.78,-0.033,34.8,-0.0005,163.659,0.0,0.0,True,True,True,True,True,,,,True,0,1,1,1,0,0,0
101902,215502,n,12150.667,0.530809163,1.38,0.0425,0.801,-0.0315,34.8,-0.0005,163.659,0.0,0.0,True,True,True,True,True,,,,True,0,1,1,1,0,0,0
103803,215503,n,13214.0,0.520116816,1.708,0.024,0.801,-0.0405,34.8,-0.0005,163.659,0.0,0.0,True,True,True,True,True,,,,True,0,1,1,1,0,0,0
104604,215504,n,12775.167,0.552180883,1.654,0.0395,0.806,-0.0415,34.8,-0.0005,163.659,0.0,0.0,True,True,True,True,True,,,,True,0,1,1,1,0,0,0
101904,215601,n,13076.5,0.529795423,1.715,0.0185,0.797,-0.031,34.8,-0.0005,163.659,0.0,0.0,True,True,True,True,True,,,,True,0,1,1,1,0,0,0
104202,215602,n,12718.5,0.559205441,1.732,0.0275,0.799,-0.0365,34.8,-0.0005,163.659,0.0,0.0,True,True,True,True,True,,,,True,0,1,1,1,0,0,0
104201,215603,n,13083.0,0.556933413,1.918,0.0425,0.799,-0.039,34.8,-0.0005,163.659,0.0,0.0,True,True,True,True,True,,,,True,0,1,1,1,0,0,0
101803,215604,n,12936.333,0.534678027,1.908,0.042,0.796,-0.031,34.8,-0.0005,163.659,0.0,0.0,True,True,True,True,True,,,,True,0,1,1,1,0,0,0
103201,215701,n,13807.833,0.522891683,1.826,0.022,0.789,-0.0335,51.7,0.001,163.644,0.0,0.0,True,True,True,True,True,,,,True,0,0,0,0,0,0,0
101202,215702,n,13153.667,0.543322411,2.837,0.024,0.801,-0.0395,44.8,0.0,163.682,0.0,0.0,True,False,True,True,True,,,,True,0,0,0,0,0,0,0
101601,215703,n,13492.5,0.538146084,2.241,0.0305,0.8,-0.0325,60.4,0.002,163.674,0.0,0.0,True,True,True,True,True,,,,True,0,0,0,0,0,0,0
101502,215704,n,13342.667,0.54127317,2.277,0.023,0.795,-0.032,45.6,0.005,163.654,0.0,0.0,True,True,True,True,True,,,,True,0,0,0,0,0,0,0
101604,215801,n,13528.0,0.539357009,1.641,0.02,0.804,-0.0325,78.7,0.021,163.64,0.0,0.0,True,True,True,True,True,,,,True,0,0,0,0,0,0,0
101804,215802,n,13020.833,0.529595429,1.614,0.023,0.796,-0.032,29.3,0.021,163.653,0.0,0.0,True,True,True,True,True,,,,True,0,0,0,0,0,0,0
101503,215803,n,12256.833,0.53962088,2.301,0.024,0.798,-0.0305,47.2,0.016,163.653,0.0,0.0,True,True,True,True,True,,,,True,0,0,0,0,0,0,0
101702,215804,n,13345.833,0.541981957,1.948,0.0195,0.799,-0.033,24.7,0.003,163.653,0.0,0.0,True,True,True,True,True,,,,True,0,0,0,0,0,0,0
104203,215901,n,13707.667,0.558162655,1.767,0.041,0.793,-0.038,31.9,0.003,163.64,0.0,0.0,True,True,True,True,True,,,,True,0,0,0,0,0,0,0
102002,215902,n,13427.833,0.528748334,1.489,0.0775,0.793,-0.031,39.9,0.001,163.646,0.0,0.0,True,True,True,True,True,,,,True,0,0,0,0,0,0,0
104703,215903,n,12986.833,0.552591086,1.444,0.0185,0.796,-0.0345,43.8,0.002,163.655,0.0,0.0,True,True,True,True,True,,,,True,0,0,0,0,0,0,0
101903,215904,n,13152.833,0.527979664,1.527,0.0325,0.8,-0.0315,45.4,0.007,163.641,0.0,0.0,True,True,True,True,True,,,,True,0,0,0,0,0,0,0
104003,216001,n,12925.833,0.559658481,1.761,0.032,0.798,-0.032,18.2,0.004,163.653,0.0,0.0,True,True,True,True,True,,,,True,0,0,0,0,0,0,0
102004,216002,n,13372.5,0.529401335,1.773,0.037,0.796,-0.033,21.2,0.007,163.659,0.0,0.0,True,True,True,True,True,,,,True,0,0,0,0,0,0,0
101901,216003,n,13207.833,0.531767094,1.408,0.048,0.801,-0.033,10.2,0.004,163.664,0.0,0.0,True,True,True,True,True,,,,True,0,0,0,0,0,0,0
101602,216004,n,13194.333,0.536816199,2.357,0.018,0.795,-0.031,48.4,0.008,163.641,0.0,0.0,True,True,True,True,True,,,,True,0,0,0,0,0,0,0
104204,216101,n,13194.0,0.5555298,1.825,0.0525,0.79,-0.037,26.0,0.009,163.661,0.0,0.0,True,True,True,True,True,,,,True,0,0,0,0,0,0,0
101701,216102,n,13401.5,0.53992554,1.98,0.04,0.799,-0.0325,34.8,-0.0005,163.659,0.0,0.0,True,True,True,True,True,,,,True,0,1,1,1,0,0,0
103202,216103,n,12840.333,0.520990757,2.067,0.0225,0.791,-0.0395,36.3,0.004,163.654,0.0,0.0,True,True,True,True,True,,,,True,0,0,0,0,0,0,0
103303,216104,n,13854.0,0.537602397,2.453,0.026,0.785,-0.0385,10.5,0.001,163.655,0.0,0.0,True,True,True,True,True,,,,True,0,0,0,0,0,0,0
101501,216201,n,13435.833,0.539323405,2.253,0.045,0.8,-0.033,16.9,0.004,163.672,0.0,0.0,True,True,True,True,True,,,,True,0,0,0,0,0,0,0
116904,216202,n,13118.5,0.583323872,3.158,0.025,0.807,-0.0325,24.6,0.005,163.657,0.0,0.0,True,False,True,True,True,,,,True,0,0,0,0,0,0,0
101401,216203,n,13222.833,0.541056201,2.756,0.018,0.798,-0.04,16.4,0.001,163.648,0.0,0.0,True,False,True,True,True,,,,True,0,0,0,0,0,0,0
101204,216204,n,13068.5,0.54101421,2.871,0.032,0.801,-0.0405,21.7,0.014,163.645,0.0,0.0,True,False,True,True,True,,,,True,0,0,0,0,0,0,0
101802,216301,n,12812.167,0.544007045,1.796,0.02,0.792,-0.0315,31.4,0.003,163.652,0.0,0.0,True,True,True,True,True,,,,True,0,0,0,0,0,0,0
116903,216302,n,13221.5,0.582762763,2.9,0.057,0.815,-0.035,34.8,-0.0005,163.659,0.0,0.0,True,False,True,True,True,,,,True,0,1,1,1,0,0,0
101304,216303,n,13261.667,0.538382333,2.715,0.0155,0.797,-0.036,35.7,0.007,163.656,0.0,0.0,True,False,True,True,True,,,,True,0,0,0,0,0,0,0
115801,216304,n,13059.667,0.585150355,3.205,0.0445,0.812,-0.03,65.2,0.012,163.638,0.0,0.0,True,False,True,True,True,,,,True,0,0,0,0,0,0,0
101203,216401,n,13334.0,0.54877115,3.023,0.0185,0.789,-0.0405,46.7,0.009,163.657,0.0,0.0,True,False,True,True,True,,,,True,0,0,0,0,0,0,0
101402,216402,n,13067.5,0.539142494,2.705,0.02,0.792,-0.0385,67.8,0.005,163.673,0.0,0.0,True,False,True,True,True,,,,True,0,0,0,0,0,0,0
117001,216403,n,13364.667,0.581932005,3.234,0.0265,0.805,-0.033,43.4,0.01,163.649,0.0,0.0,True,False,True,True,True,,,,True,0,0,0,0,0,0,0
117004,216404,n,13230.5,0.584810866,3.149,0.0635,0.806,-0.031,53.7,0.011,163.662,0.0,0.0,True,False,True,True,True,,,,True,0,0,0,0,0,0,0
115901,216501,n,13179.333,0.58472474,2.965,0.064,0.795,-0.034,84.8,0.002,163.63,0.0,0.0,True,False,True,True,True,,,,True,0,0,0,0,0,0,0
101201,216502,n,13263.0,0.543332272,3.015,0.02,0.804,-0.0395,39.3,0.003,163.657,0.0,0.0,True,False,True,True,True,,,,True,0,0,0,0,0,0,0
117002,216503,n,13298.333,0.584388102,3.055,0.0245,0.804,-0.0275,40.0,0.004,163.666,0.0,0.0,True,False,True,True,True,,,,True,0,0,0,0,0,0,0
101403,216504,n,13498.333,0.540210093,2.546,0.0325,0.798,-0.0385,2.9,0.002,163.656,0.0,0.0,True,False,True,True,True,,,,True,0,0,0,0,0,0,0
116902,216601,n,13359.167,0.584343201,3.116,0.085,0.801,-0.035,36.3,0.006,163.654,0.0,0.0,True,False,True,True,True,,,,True,0,0,0,0,0,0,0
101302,216602,n,13343.167,0.540219043,2.894,0.0185,0.799,-0.04,35.7,0.011,163.652,0.0,0.0,True,False,True,True,True,,,,True,0,0,0,0,0,0,0
116901,216603,n,13634.167,0.583033428,3.068,0.0225,0.809,-0.031,34.8,-0.0005,163.659,0.0,0.0,True,False,True,True,True,,,,True,0,1,1,1,0,0,0
101303,216604,n,13403.833,0.540925643,2.761,0.0215,0.791,-0.0405,34.8,-0.0005,163.659,0.0,0.0,True,False,True,True,True,,,,True,0,1,1,1,0,0,0
101603,216701,n,13148.667,0.537518171,2.138,0.0185,0.798,-0.032,37.3,0.006,163.664,0.0,0.0,True,True,True,True,True,,,,True,0,0,0,0,0,0,0
115704,216702,n,13293.833,0.58527731,2.849,0.0335,0.794,-0.0345,44.7,0.005,163.661,0.0,0.0,True,False,True,True,True,,,,True,0,0,0,0,0,0,0
101801,216703,n,13313.0,0.543088154,1.466,0.0265,0.796,-0.033,29.8,0.003,163.665,0.0,0.0,True,True,True,True,True,,,,True,0,0,0,0,0,0,0
117204,216704,n,13445.167,0.581609244,2.66,0.021,0.811,-0.0325,34.8,-0.0005,163.659,0.0,0.0,True,False,True,True,True,,,,True,0,1,1,1,0,0,0
101703,216801,n,13135.833,0.540167334,2.171,0.033,0.804,-0.032,16.7,0.011,163.648,0.0,0.0,True,True,True,True,True,,,,True,0,0,0,0,0,0,0
117302,216802,n,13620.0,0.580155758,3.101,0.0225,0.806,-0.034,33.5,0.008,163.668,0.0,0.0,True,False,True,True,True,,,,True,0,0,0,0,0,0,0
117003,216803,n,13103.333,0.583796606,3.086,0.051,0.799,-0.034,24.2,0.007,163.658,0.0,0.0,True,False,True,True,True,,,,True,0,0,0,0,0,0,0
117101,216804,n,13472.333,0.57880137,2.741,0.0205,0.796,-0.0315,34.8,-0.0005,163.659,0.0,0.0,True,False,True,True,True,,,,True,0,1,1,1,0,0,0
101101,216901,n,13540.333,0.513687027,3.014,0.021,0.813,-0.1045,34.8,-0.0005,163.659,0.0,0.0,True,False,True,True,False,,,,True,0,1,1,1,0,0,0
116004,216902,n,13448.167,0.5802348,2.828,0.0235,0.8,-0.0365,34.8,-0.0005,163.659,0.0,0.0,True,False,True,True,True,,,,True,0,1,1,1,0,0,0
117104,216903,n,12983.0,0.579858053,2.955,0.0855,0.813,-0.033,44.0,0.005,163.658,0.0,0.0,True,False,True,True,True,,,,True,0,0,0,0,0,0,0
116403,216904,n,13529.333,0.586284195,2.525,0.028,0.803,-0.0335,27.5,0.003,163.662,0.0,0.0,True,False,True,True,True,,,,True,0,0,0,0,0,0,0
115902,217001,n,13220.667,0.588389837,3.194,0.0365,0.804,-0.0335,24.1,0.006,163.646,0.0,0.0,True,False,True,True,True,,,,True,0,0,0,0,0,0,0
116404,217002,n,13526.167,0.587304474,2.937,0.0245,0.802,-0.033,27.3,0.006,163.653,0.0,0.0,True,False,True,True,True,,,,True,0,0,0,0,0,0,0
115802,217003,n,13067.333,0.583636704,2.906,0.0195,0.803,-0.03,34.8,-0.0005,163.659,0.0,0.0,True,False,True,True,True,,,,True,0,1,1,1,0,0,0
116302,217004,n,13476.833,0.588361458,2.944,0.1145,0.804,-0.0335,31.5,0.007,163.647,0.0,0.0,True,False,False,True,True,,,,True,0,0,0,0,0,0,0
101301,217101,n,13339.5,0.542515293,3.03,0.0185,0.802,-0.037,35.1,0.012,163.659,0.0,0.0,True,False,True,True,True,,,,True,0,0,0,0,0,0,0
115803,217102,n,13293.333,0.58219293,2.953,0.026,0.797,-0.036,34.8,-0.0005,163.659,0.0,0.0,True,False,True,True,True,,,,True,0,1,1,1,0,0,0
117102,217103,n,13288.667,0.582025704,2.78,0.05,0.809,-0.0385,34.8,-0.0005,163.659,0.0,0.0,True,False,True,True,True,,,,True,0,1,1,1,0,0,0
116402,217104,n,13397.333,0.594766504,2.983,0.044,0.812,-0.0305,85.8,0.003,163.653,0.0,0.0,True,False,True,True,True,,,,True,0,0,0,0,0,0,0
116401,217202,n,13406.5,0.592893486,3.236,0.024,0.8,-0.0325,30.5,0.004,163.654,0.0,0.0,True,False,True,True,True,,,,True,0,0,0,0,0,0,0
116101,217203,n,13688.5,0.599260941,3.172,0.024,0.799,-0.0325,72.3,0.002,163.65,0.0,0.0,True,False,True,True,True,,,,True,0,0,0,0,0,0,0
117401,217204,n,13661.667,0.581647912,2.693,0.0235,0.806,-0.033,36.3,0.008,163.654,0.0,0.0,True,False,True,True,True,,,,True,0,0,0,0,0,0,0
116003,217301,n,13102.167,0.58581783,2.956,0.023,0.805,-0.0355,34.8,-0.0005,163.659,0.0,0.0,True,False,True,True,True,,,,True,0,1,1,1,0,0,0
116204,217302,n,13538.0,0.583521695,2.779,0.033,0.813,-0.035,46.6,0.005,163.666,0.0,0.0,True,False,True,True,True,,,,True,0,0,0,0,0,0,0
116102,217303,n,13687.333,0.588317255,3.001,0.075,0.8,-0.0315,34.4,0.002,163.67,0.0,0.0,True,False,True,True,True,,,,True,0,0,0,0,0,0,0
116202,217304,n,13416.833,0.58847329,2.788,0.027,0.809,-0.033,33.6,0.007,163.637,0.0,0.0,True,False,True,True,True,,,,True,0,0,0,0,0,0,0
117303,217401,n,13528.333,0.579525555,2.925,0.0205,0.797,-0.032,24.0,0.01,163.66,0.0,0.0,True,False,True,True,True,,,,True,0,0,0,0,0,0,0
117602,217402,n,13593.167,0.580450056,2.948,0.02,0.8,-0.033,30.8,0.003,163.663,0.0,0.0,True,False,True,True,True,,,,True,0,0,0,0,0,0,0
116301,217403,n,13430.833,0.58566221,3.266,0.029,0.8,-0.0355,34.8,-0.0005,163.659,0.0,0.0,True,False,True,True,True,,,,True,0,1,1,1,0,0,0
115702,217404,n,13529.833,0.584217483,3.366,0.023,0.806,-0.0345,47.7,0.008,163.649,0.0,0.0,True,False,True,True,True,,,,True,0,0,0,0,0,0,0
116001,217501,n,13552.0,0.585375751,2.968,0.0475,0.805,-0.0335,30.7,0.013,163.658,0.0,0.0,True,False,True,True,True,,,,True,0,0,0,0,0,0,0
117403,217502,n,13273.0,0.580609334,2.884,0.0255,0.804,-0.032,28.6,0.005,163.662,0.0,0.0,True,False,True,True,True,,,,True,0,0,0,0,0,0,0
115904,217503,n,13603.333,0.58722268,3.265,0.028,0.804,-0.0325,35.9,0.009,163.647,0.0,0.0,True,False,True,True,True,,,,True,0,0,0,0,0,0,0
117301,217504,n,13401.5,0.581408572,3.14,0.0205,0.812,-0.035,45.1,0.003,163.649,0.0,0.0,True,False,True,True,True,,,,True,0,0,0,0,0,0,0
117304,217601,n,13462.167,0.581954849,3.266,0.0285,0.8,-0.032,20.7,0.004,163.644,0.0,0.0,True,False,True,True,True,,,,True,0,0,0,0,0,0,0
117703,217602,n,13272.0,0.580419209,3.019,0.0295,0.803,-0.0325,47.1,0.004,163.651,0.0,0.0,True,False,True,True,True,,,,True,0,0,0,0,0,0,0
117702,217603,n,13379.833,0.581877649,3.207,0.034,0.803,-0.0335,34.8,-0.0005,163.659,0.0,0.0,True,False,True,True,True,,,,True,0,1,1,1,0,0,0
115703,217604,n,13360.0,0.584361488,2.972,0.0255,0.799,-0.036,33.2,0.003,163.642,0.0,0.0,True,False,True,True,True,,,,True,0,0,0,0,0,0,0
117501,217701,n,12225.667,0.581224089,3.058,0.027,0.799,-0.034,20.9,0.009,163.653,0.0,0.0,True,False,True,True,True,,,,True,0,0,0,0,0,0,0
105304,217702,n,13291.5,0.551660609,1.856,0.028,0.79,-0.0305,34.8,-0.0005,163.659,0.0,0.0,True,True,True,True,True,,,,True,0,1,1,1,0,0,0
115804,217703,n,12069.667,0.579721389,2.739,0.028,0.804,-0.035,34.8,-0.0005,163.659,0.0,0.0,True,False,True,True,True,,,,True,0,1,1,1,0,0,0
104803,217704,n,12468.667,0.552723566,1.393,0.032,0.789,-0.0395,34.8,-0.0005,163.659,0.0,0.0,True,True,True,True,True,,,,True,0,1,1,1,0,0,0
115701,217801,n,12291.333,0.585996925,2.958,0.029,0.801,-0.038,34.8,-0.0005,163.659,0.0,0.0,True,False,True,True,True,,,,True,0,1,1,1,0,0,0
104904,217802,n,12487.167,0.55284998,1.685,0.016,0.791,-0.033,34.8,-0.0005,163.659,0.0,0.0,True,True,True,True,True,,,,True,0,1,1,1,0,0,0
116304,217803,n,12243.0,0.583597597,2.994,0.0325,0.802,-0.0325,34.8,-0.0005,163.659,0.0,0.0,True,False,True,True,True,,,,True,0,1,1,1,0,0,0
105302,217804,n,12102.333,0.553286898,1.711,0.041,0.795,-0.0305,34.8,-0.0005,163.659,0.0,0.0,True,True,True,True,True,,,,True,0,1,1,1,0,0,0
117704,217901,n,12087.0,0.579105074,2.7,0.0455,0.797,-0.032,68.1,0.01,163.648,0.0,0.0,True,False,True,True,True,,,,True,0,0,0,0,0,0,0
105903,217902,n,13154.667,0.547006718,1.944,0.0305,0.779,-0.039,34.8,-0.0005,163.659,0.0,0.0,True,True,True,True,True,,,,True,0,1,1,1,0,0,0
116002,217903,n,12450.333,0.58527315,2.609,0.038,0.798,-0.035,46.0,0.009,163.651,0.0,0.0,True,False,True,True,True,,,,True,0,0,0,0,0,0,0
105703,217904,n,12677.833,0.548612374,1.882,0.0235,0.79,-0.0355,34.8,-0.0005,163.659,0.0,0.0,True,True,True,True,True,,,,True,0,1,1,1,0,0,0
115903,218001,n,13152.0,0.585875881,2.898,0.04,0.801,-0.0315,23.8,0.008,163.655,0.0,0.0,True,False,True,True,True,,,,True,0,0,0,0,0,0,0
105702,218002,n,12359.333,0.549131631,1.59,0.0215,0.792,-0.0355,34.8,-0.0005,163.659,0.0,0.0,True,True,True,True,True,,,,True,0,1,1,1,0,0,0
117502,218003,n,12478.833,0.581543726,2.994,0.0205,0.8,-0.034,34.8,-0.0005,163.659,0.0,0.0,True,False,True,True,True,,,,True,0,1,1,1,0,0,0
105003,218004,n,12314.5,0.554215058,1.619,0.025,0.797,-0.0325,34.8,-0.0005,163.659,0.0,0.0,True,True,True,True,True,,,,True,0,1,1,1,0,0,0
122104,218101,n,12231.0,0.587995694,2.737,0.0155,0.808,-0.0305,26.9,0.002,163.646,0.0,0.0,True,False,True,True,True,,,,True,0,0,0,0,0,0,0
105802,218102,n,12258.333,0.547976942,1.888,0.0335,0.775,-0.04,34.8,-0.0005,163.659,0.0,0.0,True,True,True,True,True,,,,True,0,1,1,1,0,0,0
117801,218103,n,12189.667,0.58031034,1.953,0.0405,0.804,-0.0325,34.8,-0.0005,163.659,0.0,0.0,True,True,True,True,True,,,,True,0,1,1,1,0,0,0
105504,218104,n,12470.5,0.54889624,1.717,0.027,0.792,-0.0335,34.8,-0.0005,163.659,0.0,0.0,True,True,True,True,True,,,,True,0,1,1,1,0,0,0
117402,218201,n,11825.333,0.580301934,1.698,0.039,0.802,-0.0335,34.8,-0.0005,163.659,0.0,0.0,True,True,True,True,True,,,,True,0,1,1,1,0,0,0
122503,218202,n,12284.5,0.587174173,2.125,0.0235,0.806,-0.033,34.8,-0.0005,163.659,0.0,0.0,True,True,True,True,True,,,,True,0,1,1,1,0,0,0
117504,218203,n,12612.333,0.58093706,2.939,0.036,0.8,-0.0355,34.8,-0.0005,163.659,0.0,0.0,True,False,True,True,True,,,,True,0,1,1,1,0,0,0
116601,218204,n,12281.0,0.58631579,1.693,0.0225,0.808,-0.03,104.0,0.006,163.651,0.0,0.0,True,True,True,True,True,,,,True,0,0,0,0,0,0,0
117603,218301,n,12110.5,0.580729908,2.961,0.0285,0.799,-0.0325,34.8,-0.0005,163.659,0.0,0.0,True,False,True,True,True,,,,True,0,1,1,1,0,0,0
122404,218302,n,12184.0,0.588190246,2.256,0.0405,0.807,-0.035,40.0,0.011,163.661,0.0,0.0,True,True,True,True,True,,,,True,0,0,0,0,0,0,0
117604,218303,n,9897.167,0.580254144,2.91,0.016,0.799,-0.0355,34.8,-0.0005,163.659,0.0,0.0,True,False,True,True,True,,,,True,0,1,1,1,0,0,0
122803,218304,n,12331.333,0.588763225,2.696,0.021,0.807,-0.0315,34.8,-0.0005,163.659,0.0,0.0,True,False,True,True,True,,,,True,0,1,1,1,0,0,0
117202,218401,n,11362.833,0.580760006,2.877,0.025,0.798,-0.0345,34.8,-0.0005,163.659,0.0,0.0,True,False,True,True,True,,,,True,0,1,1,1,0,0,0
117503,218402,n,9771.667,0.580920114,2.923,0.031,0.801,-0.034,34.8,-0.0005,163.659,0.0,0.0,True,False,True,True,True,,,,True,0,1,1,1,0,0,0
116201,218403,n,8711.167,0.584477258,2.887,0.052,0.809,-0.0345,34.8,-0.0005,163.659,0.0,0.0,True,False,True,True,True,,,,True,0,1,1,1,0,0,0
122402,218404,n,11455.333,0.589470846,2.808,0.0265,0.801,-0.029,34.8,-0.0005,163.659,0.0,0.0,True,False,True,True,True,,,,True,0,1,1,1,0,0,0
116303,218501,n,11793.0,0.585513853,2.991,0.023,0.801,-0.0335,34.8,-0.0005,163.659,0.0,0.0,True,False,True,True,True,,,,True,0,1,1,1,0,0,0
117901,218502,n,11053.0,0.580579762,1.645,0.026,0.807,-0.033,34.8,-0.0005,163.659,0.0,0.0,True,True,True,True,True,,,,True,0,1,1,1,0,0,0
116103,218503,n,12553.833,0.587791056,2.992,0.0325,0.799,-0.0335,34.8,-0.0005,163.659,0.0,0.0,True,False,True,True,True,,,,True,0,1,1,1,0,0,0
116502,218504,n,11471.167,0.586575825,1.776,0.0205,0.811,-0.033,34.8,-0.0005,163.659,0.0,0.0,True,True,True,True,True,,,,True,0,1,1,1,0,0,0
116804,218601,n,12239.0,0.582377994,1.572,0.0215,0.81,-0.0335,34.8,-0.0005,163.659,0.0,0.0,True,True,True,True,True,,,,True,0,1,1,1,0,0,0
122804,218602,n,10593.333,0.588059422,2.839,0.0255,0.799,-0.0365,34.8,-0.0005,163.659,0.0,0.0,True,False,True,True,True,,,,True,0,1,1,1,0,0,0
117404,218603,n,11943.667,0.581406197,3.025,0.0375,0.803,-0.033,53.1,0.009,163.669,0.0,0.0,True,False,True,True,True,,,,True,0,0,0,0,0,0,0
116104,218604,n,9652.167,0.587191489,3.084,0.0265,0.801,-0.034,35.8,0.01,163.651,0.0,0.0,True,False,True,True,True,,,,True,0,0,0,0,0,0,0
122802,218701,n,10810.333,0.58251488,2.489,0.0445,0.808,-0.0315,32.7,0.002,163.658,0.0,0.0,True,True,True,True,True,,,,True,0,0,0,0,0,0,0
116603,218702,n,10825.0,0.585904574,1.926,0.0215,0.805,-0.0315,34.8,-0.0005,163.659,0.0,0.0,True,True,True,True,True,,,,True,0,1,1,1,0,0,0
122703,218703,n,12108.167,0.586916578,2.639,0.025,0.807,-0.036,34.8,-0.0005,163.659,0.0,0.0,True,False,True,True,True,,,,True,0,1,1,1,0,0,0
122604,218704,n,12143.167,0.584649567,2.65,0.022,0.808,-0.034,34.8,-0.0005,163.659,0.0,0.0,True,False,True,True,True,,,,True,0,1,1,1,0,0,0
117203,218801,n,10870.333,0.580658984,2.772,0.03,0.803,-0.033,34.8,-0.0005,163.659,0.0,0.0,True,False,True,True,True,,,,True,0,1,1,1,0,0,0
122704,218802,n,11962.833,0.588222901,2.583,0.029,0.81,-0.0355,34.8,-0.0005,163.659,0.0,0.0,True,False,True,True,True,,,,True,0,1,1,1,0,0,0
116203,218803,n,11731.833,0.584551257,2.828,0.073,0.813,-0.0335,34.8,-0.0005,163.659,0.0,0.0,True,False,True,True,True,,,,True,0,1,1,1,0,0,0
116503,218804,n,13415.833,0.586422554,1.832,0.039,0.801,-0.03,34.8,-0.0005,163.659,0.0,0.0,True,True,True,True,True,,,,True,0,1,1,1,0,0,0
116704,218901,n,11480.5,0.585371118,1.549,0.0175,0.804,-0.0315,34.8,-0.0005,163.659,0.0,0.0,True,True,True,True,True,,,,True,0,1,1,1,0,0,0
121703,218902,n,12489.667,0.593902374,2.497,0.0145,0.804,-0.032,34.8,-0.0005,163.659,0.0,0.0,True,True,True,True,True,,,,True,0,1,1,1,0,0,0
116703,218903,n,12280.833,0.586367384,1.552,0.0175,0.81,-0.0335,42.4,0.004,163.667,0.0,0.0,True,True,True,True,True,,,,True,0,0,0,0,0,0,0
122204,218904,n,12881.667,0.588880376,2.651,0.0205,0.808,-0.0325,34.8,-0.0005,163.659,0.0,0.0,True,False,True,True,True,,,,True,0,1,1,1,0,0,0
122504,219001,n,10052.833,0.588209412,2.488,0.023,0.805,-0.0325,34.8,-0.0005,163.659,0.0,0.0,True,True,True,True,True,,,,True,0,1,1,1,0,0,0
117802,219002,n,12816.0,0.580809311,2.002,0.0225,0.805,-0.033,34.8,-0.0005,163.659,0.0,0.0,True,True,True,True,True,,,,True,0,1,1,1,0,0,0
122004,219003,n,12226.667,0.589137588,2.783,0.07,0.813,-0.032,34.8,-0.0005,163.659,0.0,0.0,True,False,True,True,True,,,,True,0,1,1,1,0,0,0
117902,219004,n,12360.667,0.580772799,1.964,0.0295,0.805,-0.033,34.8,-0.0005,163.659,0.0,0.0,True,True,True,True,True,,,,True,0,1,1,1,0,0,0
122603,219101,n,12569.0,0.585556415,2.539,0.034,0.813,-0.0335,34.8,-0.0005,163.659,0.0,0.0,True,False,True,True,True,,,,True,0,1,1,1,0,0,0
116803,219102,n,12589.667,0.582348543,1.586,0.032,0.806,-0.029,34.8,-0.0005,163.659,0.0,0.0,True,True,True,True,True,,,,True,0,1,1,1,0,0,0
117701,219103,n,12011.0,0.581245413,1.886,0.02,0.807,-0.032,34.8,-0.0005,163.659,0.0,0.0,True,True,True,True,True,,,,True,0,1,1,1,0,0,0
117601,219104,n,12722.333,0.579295798,2.99,0.0535,0.798,-0.0335,34.8,-0.0005,163.659,0.0,0.0,True,False,True,True,True,,,,True,0,1,1,1,0,0,0
122602,219201,n,10531.0,0.584523891,2.94,0.0185,0.807,-0.0315,34.8,-0.0005,163.659,0.0,0.0,True,False,True,True,True,,,,True,0,1,1,1,0,0,0
122702,219202,n,12239.833,0.585332039,2.243,0.0175,0.801,-0.0325,34.8,-0.0005,163.659,0.0,0.0,True,True,True,True,True,,,,True,0,1,1,1,0,0,0
106102,219203,n,12337.333,0.550146139,1.496,0.06,0.8,-0.038,34.8,-0.0005,163.659,0.0,0.0,True,True,True,True,True,,,,True,0,1,1,1,0,0,0
116802,219204,n,9328.5,0.58476944,1.62,0.011,0.806,-0.029,34.8,-0.0005,163.659,0.0,0.0,True,True,True,True,True,,,,True,0,1,1,1,0,0,0
106104,219301,n,12546.5,0.549703661,1.975,0.03,0.784,-0.0435,34.8,-0.0005,163.659,0.0,0.0,True,True,True,True,True,,,,True,0,1,1,1,0,0,0
117803,219302,n,12126.833,0.582243047,2.105,0.038,0.804,-0.032,32.6,0.001,163.654,0.0,0.0,True,True,True,True,True,,,,True,0,0,0,0,0,0,0
107403,219303,n,12392.0,0.583257029,2.12,0.08,0.796,-0.0305,34.8,-0.0005,163.659,0.0,0.0,True,True,True,True,True,,,,True,0,1,1,1,0,0,0
116504,219304,n,11504.0,0.584443146,1.873,0.0265,0.795,-0.032,30.1,0.002,163.639,0.0,0.0,True,True,True,True,True,,,,True,0,0,0,0,0,0,0
122403,219401,n,12499.833,0.588584919,2.056,0.024,0.814,-0.032,34.8,-0.0005,163.659,0.0,0.0,True,True,True,True,True,,,,True,0,1,1,1,0,0,0
116602,219402,n,12648.667,0.5846881,1.882,0.016,0.81,-0.031,34.8,-0.0005,163.659,0.0,0.0,True,True,True,True,True,,,,True,0,1,1,1,0,0,0
107704,219403,n,12477.167,0.589280313,1.81,0.023,0.8,-0.026,34.8,-0.0005,163.659,0.0,0.0,True,True,True,True,True,,,,True,0,1,1,1,0,0,0
107402,219404,n,12545.667,0.588220037,2.088,0.05,0.794,-0.034,34.8,-0.0005,163.659,0.0,0.0,True,True,True,True,True,,,,True,0,1,1,1,0,0,0
107201,219501,n,13263.667,0.551723063,1.832,0.028,0.806,-0.031,34.8,-0.0005,163.659,0.0,0.0,True,True,True,True,True,,,,True,0,1,1,1,0,0,0
122003,219502,n,12757.833,0.592460721,2.456,0.0325,0.807,-0.034,34.9,0.006,163.679,0.0,0.0,True,True,True,True,True,,,,True,0,0,0,0,0,0,0
107204,219503,n,12458.167,0.551779065,1.922,0.019,0.808,-0.0335,34.8,-0.0005,163.659,0.0,0.0,True,True,True,True,True,,,,True,0,1,1,1,0,0,0
122302,219504,n,12287.5,0.585241443,2.453,0.0285,0.81,-0.032,34.8,-0.0005,163.659,0.0,0.0,True,True,True,True,True,,,,True,0,1,1,1,0,1,0
100104,219601,n,12507.167,0.533523375,1.691,0.0185,0.791,-0.0135,34.8,-0.0005,163.659,0.0,0.0,True,True,True,True,True,,,,True,0,1,1,1,0,0,0
117804,219602,n,12619.5,0.580640305,1.819,0.018,0.806,-0.033,34.8,-0.0005,163.659,0.0,0.0,True,True,True,True,True,,,,True,0,1,1,1,0,0,0
116501,219603,n,12119.5,0.587547983,1.74,0.0245,0.806,-0.03,34.8,-0.0005,163.659,0.0,0.0,True,True,True,True,True,,,,True,0,1,1,1,0,0,0
116604,219604,n,12444.833,0.584120191,1.94,0.0185,0.805,-0.033,56.5,0.005,163.65,0.0,0.0,True,True,True,True,True,,,,True,0,0,0,0,0,0,0
122304,219701,n,12574.667,0.588356179,2.692,0.0275,0.807,-0.032,34.8,-0.0005,163.659,0.0,0.0,True,False,True,True,True,,,,True,0,1,1,1,0,0,0
122303,219702,n,12961.833,0.589791211,2.786,0.0175,0.809,-0.033,31.4,0.003,163.659,0.0,0.0,True,False,True,True,True,,,,True,0,0,0,0,0,0,0
105001,219703,n,12667.0,0.552939317,1.683,0.021,0.788,-0.029,34.8,-0.0005,163.659,0.0,0.0,True,True,True,True,True,,,,True,0,1,1,1,0,0,0
106203,219704,n,12436.167,0.549082532,1.791,0.029,0.783,-0.0395,34.8,-0.0005,163.659,0.0,0.0,True,True,True,True,True,,,,True,0,1,1,1,0,0,0
106201,219801,n,13040.5,0.549115646,1.785,0.05,0.789,-0.037,34.8,-0.0005,163.659,0.0,0.0,True,True,True,True,True,,,,True,0,1,1,1,0,0,0
104902,219802,n,12312.0,0.553321094,1.744,0.015,0.793,-0.034,34.8,-0.0005,163.659,0.0,0.0,True,True,True,True,True,,,,True,0,1,1,1,0,0,0
105402,219803,n,12656.167,0.551632685,1.661,0.0235,0.797,-0.0305,34.8,-0.0005,163.659,0.0,0.0,True,True,True,True,True,,,,True,0,1,1,1,0,0,0
104901,219804,n,13247.167,0.551565976,1.712,0.038,0.798,-0.032,34.8,-0.0005,163.659,0.0,0.0,True,True,True,True,True,,,,True,0,1,1,1,0,0,0
105603,219901,n,12220.0,0.549326301,1.695,0.0155,0.793,-0.0345,34.8,-0.0005,163.659,0.0,0.0,True,True,True,True,True,,,,True,0,1,1,1,0,0,0
106001,219902,n,12668.5,0.548146274,1.532,0.083,0.789,-0.0305,34.8,-0.0005,163.659,0.0,0.0,True,True,True,True,True,,,,True,0,1,1,1,0,0,0
105002,219903,n,12608.0,0.553359917,1.506,0.0185,0.789,-0.029,19.0,0.004,163.676,0.0,0.0,True,True,True,True,True,,,,True,0,0,0,0,0,0,0
105404,219904,n,12146.667,0.548929566,1.747,0.022,0.797,-0.0355,34.8,-0.0005,163.659,0.0,0.0,True,True,True,True,True,,,,True,0,1,1,1,0,0,0
105103,220001,n,12611.667,0.555099747,1.756,0.0325,0.788,-0.0315,59.6,-0.004,163.662,0.0,0.0,True,True,True,True,True,,,,True,0,0,0,0,0,0,0
105704,220002,n,12747.0,0.548246155,1.663,0.028,0.789,-0.035,34.8,-0.0005,163.659,0.0,0.0,True,True,True,True,True,,,,True,0,1,1,1,0,0,0
105601,220003,n,12566.5,0.549029296,1.819,0.0215,0.798,-0.021,34.8,-0.0005,163.659,0.0,0.0,True,True,True,True,True,,,,True,0,1,1,1,0,0,0
105104,220004,n,12579.667,0.554712282,2.488,0.0285,0.792,-0.0335,34.8,-0.0005,163.659,0.0,0.0,True,True,True,True,True,,,,True,0,1,1,1,0,0,0
105503,220101,n,12364.167,0.548497805,1.718,0.038,0.789,-0.04,34.8,-0.0005,163.659,0.0,0.0,True,True,True,True,True,,,,True,0,1,1,1,0,0,0
105401,220102,n,12463.0,0.551195518,1.71,0.0315,0.797,-0.0385,34.8,-0.0005,163.659,0.0,0.0,True,True,True,True,True,,,,True,0,1,1,1,0,0,0
105502,220103,n,12263.833,0.550131336,1.666,0.0435,0.788,-0.032,34.8,0.007,163.657,0.0,0.0,True,True,True,True,True,,,,True,0,0,0,0,0,0,0
104903,220104,n,12758.0,0.551702893,2.078,0.02,0.793,-0.0325,34.8,-0.0005,163.659,0.0,0.0,True,True,True,True,True,,,,True,0,1,1,1,0,0,0
105602,220201,n,12477.833,0.548926783,1.737,0.0205,0.8,-0.032,34.8,-0.0005,163.659,0.0,0.0,True,True,True,True,True,,,,True,0,1,1,1,0,0,0
105102,220202,y,12638.833,0.554817546,1.654,0.029,0.788,-0.0325,34.8,-0.0005,163.659,0.0,0.0,True,True,True,True,True,,,,True,0,1,1,1,0,0,1
104804,220203,n,12964.833,0.55181262,1.516,0.0175,0.795,-0.036,34.8,-0.0005,163.659,0.0,0.0,True,True,True,True,True,,,,True,0,1,1,1,0,0,0
106204,220204,n,12586.5,0.549284928,1.764,0.0325,0.787,-0.041,34.8,-0.0005,163.659,0.0,0.0,True,True,True,True,True,,,,True,0,1,1,1,0,0,0
106101,220301,n,12628.667,0.550333679,1.926,0.048,0.79,-0.035,34.8,-0.0005,163.659,0.0,0.0,True,True,True,True,True,,,,True,0,1,1,1,0,0,0
105301,220302,n,12212.167,0.552282449,1.685,0.047,0.794,-0.033,34.8,-0.0005,163.659,0.0,0.0,True,True,True,True,True,,,,True,0,1,1,1,0,0,0
105004,220303,n,12557.167,0.554254716,1.868,0.0205,0.788,-0.033,34.8,-0.0005,163.659,0.0,0.0,True,True,True,True,True,,,,True,0,1,1,1,0,0,0
105902,220304,n,12975.667,0.547440836,1.346,0.035,0.788,-0.0425,34.8,-0.0005,163.659,0.0,0.0,True,True,True,True,True,,,,True,0,1,1,1,0,0,0
105701,220401,n,12261.667,0.549828642,1.699,0.0305,0.792,-0.034,34.8,-0.0005,163.659,0.0,0.0,True,True,True,True,True,,,,True,0,1,1,1,0,0,0
105801,220402,n,12813.0,0.548725185,1.609,0.0315,0.796,-0.04,26.3,0.002,163.653,0.0,0.0,True,True,True,True,True,,,,True,0,0,0,0,0,0,0
100502,220403,n,12583.833,0.515247715,1.46,0.0245,0.807,-0.0295,34.8,-0.0005,163.659,0.0,0.0,True,True,True,True,True,,,,True,0,1,1,1,0,0,0
100901,220404,n,13002.833,0.510158324,1.614,0.049,0.798,-0.031,34.8,-0.0005,163.659,0.0,0.0,True,True,True,True,True,,,,True,0,1,1,1,0,0,0
105604,220501,n,12433.5,0.550646785,1.684,0.0185,0.795,-0.031,34.8,-0.0005,163.659,0.0,0.0,True,True,True,True,True,,,,True,0,1,1,1,0,0,0
106202,220502,n,12580.833,0.549053351,1.502,0.0425,0.8,-0.042,34.8,-0.0005,163.659,0.0,0.0,True,True,True,True,True,,,,True,0,1,1,1,0,0,0
105303,220503,n,12490.333,0.553213133,1.549,0.041,0.788,-0.042,34.8,-0.0005,163.659,0.0,0.0,True,True,True,True,True,,,,True,0,1,1,1,0,0,0
106103,220504,n,13016.833,0.549067217,1.677,0.0215,0.783,-0.0405,34.8,-0.0005,163.659,0.0,0.0,True,True,True,True,True,,,,True,0,1,1,1,0,0,0
105101,220601,n,12560.333,0.553595615,1.807,0.014,0.795,-0.0345,34.8,-0.0005,163.659,0.0,0.0,True,True,True,True,True,,,,True,0,1,1,1,0,0,0
105803,220602,n,12732.0,0.547780243,1.872,0.0245,0.784,-0.0405,34.8,-0.0005,163.659,0.0,0.0,True,True,True,True,True,,,,True,0,1,1,1,0,0,0
104802,220603,n,13387.0,0.552544116,1.82,0.0395,0.791,-0.0355,34.8,-0.0005,163.659,0.0,0.0,True,True,True,True,True,,,,True,0,1,1,1,0,0,0
105403,220604,n,12899.667,0.550884444,1.677,0.025,0.794,-0.035,34.8,-0.0005,163.659,0.0,0.0,True,True,True,True,True,,,,True,0,1,1,1,0,0,0
106003,220701,n,12691.167,0.548721549,1.776,0.0265,0.783,-0.0445,34.8,-0.0005,163.659,0.0,0.0,True,True,True,True,True,,,,True,0,1,1,1,0,0,0
100702,220702,n,13356.667,0.513604499,2.185,0.024,0.793,-0.036,34.8,-0.0005,163.659,0.0,0.0,True,True,True,True,True,,,,True,0,1,1,1,0,0,0
105501,220703,n,12780.5,0.550873462,2.014,0.0335,0.796,-0.037,34.8,-0.0005,163.659,0.0,0.0,True,True,True,True,True,,,,True,0,1,1,1,0,0,0
107304,220704,n,13041.167,0.552850306,1.976,0.031,0.8,-0.0305,34.2,0.012,163.666,0.0,0.0,True,True,True,True,True,,,,True,0,0,0,0,0,0,0
106002,220801,n,12438.333,0.54890376,1.771,0.0325,0.79,-0.0385,34.8,-0.0005,163.659,0.0,0.0,True,True,True,True,True,,,,True,0,1,1,1,0,0,0
107604,220802,n,10995.333,0.588494587,2.285,0.013,0.798,-0.031,26.3,-0.0005,163.658,0.0,0.0,True,True,True,True,True,True,True,True,True,0,0,0,0,0,0,0
100504,220803,n,13041.0,0.513955919,2.123,0.0555,0.8,-0.037,34.8,-0.0005,163.659,0.0,0.0,True,True,True,True,True,,,,True,0,1,1,1,0,0,0
100903,220804,n,8947.0,0.516945188,1.87,0.0415,0.789,-0.0315,38.7,-0.0005,163.658,0.0,0.0,True,True,True,True,True,True,True,True,True,0,0,0,0,0,0,0
100904,220901,n,12697.333,0.507502736,1.703,0.03,0.79,-0.0275,34.8,-0.0005,163.659,0.0,0.0,True,True,True,True,True,,,,True,0,1,1,1,0,0,0
100101,220902,n,7627.667,0.53638869,1.821,0.02,0.803,-0.0335,31.8,0.002,163.653,0.0,0.0,True,True,True,True,True,True,True,True,True,0,0,0,0,0,0,0
100703,220903,n,12886.333,0.514093565,2.09,0.0305,0.797,-0.04,34.8,-0.0005,163.659,0.0,0.0,True,True,True,True,True,,,,True,0,1,1,1,0,0,0
107004,220904,n,10076.333,0.548314314,1.651,0.0325,0.806,-0.0325,31.0,0.0005,163.658,0.0,0.0,True,True,True,True,True,True,True,True,True,0,0,0,0,0,0,0
100302,221001,n,12886.167,0.531704059,1.2,0.0235,0.807,-0.028,34.8,-0.0005,163.659,0.0,0.0,True,True,True,True,True,,,,True,0,1,1,1,0,0,0
100902,221002,n,9993.667,0.510279399,1.734,0.0235,0.79,-0.032,45.6,-0.0045,163.66,0.0,0.0,True,True,True,True,True,True,True,True,True,0,0,0,0,0,0,0
100301,221003,n,13154.833,0.533063626,1.217,0.0245,0.807,-0.029,34.8,-0.0005,163.659,0.0,0.0,True,True,True,True,True,,,,True,0,1,1,1,0,0,0
100603,221004,n,9310.167,0.50976545,2.338,0.0695,0.792,-0.0355,37.5,-0.006,163.652,0.0,0.0,True,True,True,True,True,True,True,True,True,0,0,0,0,0,0,0
100801,221101,n,10484.333,0.515875121,2.032,0.0575,0.786,-0.0295,49.9,0.0,163.641,0.0,0.0,True,True,True,True,True,True,True,True,True,0,0,0,0,0,0,0
106801,221102,n,11003.167,0.549604377,1.84,0.0295,0.799,-0.032,24.8,-0.0025,163.658,0.0,0.0,True,True,True,True,True,True,True,True,True,0,0,0,0,0,0,0
100501,221103,n,9016.833,0.518439121,1.371,0.033,0.801,-0.026,47.4,-0.001,163.66,0.0,0.0,True,True,True,True,True,True,True,True,True,0,0,0,0,0,0,0
101004,221104,n,10828.333,0.515048386,1.678,0.043,0.791,-0.0275,26.4,0.0015,163.654,0.0,0.0,True,True,True,True,True,True,True,True,True,0,0,0,0,0,0,0
100604,221201,n,10641.667,0.513801485,2.157,0.0995,0.798,-0.036,10.3,-0.0025,163.661,0.0,0.0,True,True,True,True,True,True,True,True,True,0,0,0,0,0,0,0
107603,221202,n,10916.167,0.588973189,2.055,0.0165,0.8,-0.0325,30.9,-0.0055,163.661,0.0,0.0,True,True,True,True,True,True,True,True,True,0,0,0,0,0,0,0
100401,221203,n,9991.167,0.529809604,1.237,0.0285,0.799,-0.0275,22.8,-0.001,163.664,0.0,0.0,True,True,True,True,True,True,True,True,True,0,0,0,0,0,0,0
106802,221204,n,10916.667,0.548384771,1.76,0.022,0.8,-0.0285,31.5,-0.004,163.659,0.0,0.0,True,True,True,True,True,True,True,True,True,0,0,0,0,0,0,0
100404,221301,n,11491.667,0.516971292,1.317,0.037,0.808,-0.0275,12.4,-0.005,163.656,0.0,0.0,True,True,True,True,True,True,True,True,True,0,0,0,0,0,0,0
103801,221302,n,10463.167,0.518938956,1.803,0.0295,0.802,-0.0295,50.8,-0.006,163.652,0.0,0.0,True,True,True,True,True,False,True,True,True,0,0,0,0,0,0,0
106504,221303,n,11034.167,0.549322749,1.606,0.026,0.796,-0.061,36.0,-0.0055,163.662,0.0,3.0,True,True,True,True,False,True,True,True,True,0,0,0,0,0,0,0
106903,221304,n,10338.5,0.549278578,1.911,0.0805,0.796,-0.033,42.2,-0.0045,163.65,0.0,0.0,True,True,True,True,True,True,True,True,True,0,0,0,0,0,0,0
106704,221401,n,10849.5,0.548921612,1.533,0.0445,0.799,-0.034,66.5,-0.003,163.659,0.0,0.0,True,True,True,True,True,False,True,True,True,0,0,0,0,0,0,0
104701,221402,n,11328.167,0.552402166,1.495,0.035,0.802,-0.04,39.6,0.0005,163.66,0.0,0.0,True,True,True,True,True,True,True,True,True,0,0,0,0,0,0,0
106402,221403,n,10739.333,0.550063044,1.482,0.0215,0.801,-0.032,39.5,-0.002,163.677,0.0,0.0,True,True,True,True,True,True,True,True,True,0,0,0,0,0,0,0
104502,221404,n,10661.667,0.554912181,1.86,0.026,0.806,-0.0315,42.2,-0.0025,163.658,0.0,0.0,True,True,True,True,True,True,True,True,True,0,0,0,0,0,0,0
106303,221501,n,11121.167,0.549212906,1.673,0.02,0.812,-0.031,56.3,-0.001,163.658,0.0,0.0,True,True,True,True,True,False,True,True,True,0,0,0,0,0,1,0
104601,221502,n,10642.667,0.553324112,1.623,0.0315,0.801,-0.0295,7.67,-0.001,163.645,0.0,0.0,True,True,True,True,True,True,True,True,True,0,0,0,0,0,0,0
106404,221503,n,10474.667,0.54486857,1.51,0.019,0.803,-0.029,29.1,-0.0005,163.653,0.0,0.0,True,True,True,True,True,True,True,True,True,0,0,0,0,0,0,0
107503,221504,n,11059.667,0.576593096,2.011,0.028,0.803,-0.037,43.3,0.001,163.647,0.0,0.0,True,True,True,True,True,True,True,True,True,0,0,0,0,0,0,0
106401,221601,n,10710.833,0.548088915,1.678,0.0215,0.802,-0.0305,43.5,-0.005,163.661,0.0,0.0,True,True,True,True,True,True,True,True,True,0,0,0,0,0,0,0
104603,221602,n,10698.167,0.552311472,1.578,0.0255,0.802,-0.039,35.6,-0.008,163.663,0.0,0.0,True,True,True,True,True,True,True,True,True,0,0,0,0,0,0,0
104303,221603,n,10868.167,0.55659363,1.518,0.019,0.802,-0.029,43.0,-0.003,163.662,0.0,0.0,True,True,True,True,True,True,True,True,True,0,0,0,0,0,0,0
106604,221604,n,10728.833,0.551765686,1.922,0.0345,0.8,-0.0355,49.8,-0.007,163.654,0.0,0.0,True,True,True,True,True,True,True,True,False,0,0,0,0,0,0,0
106603,221701,n,78.333,0.549658966,1.676,0.025,0.89,-0.3675,32.5,0.0005,163.663,0.0,3.0,True,True,True,False,False,True,True,True,True,0,0,0,0,0,0,0
104302,221702,n,10741.0,0.554526371,1.823,0.024,0.802,-0.0295,24.9,0.0025,163.648,0.0,0.0,True,True,True,True,True,True,True,True,True,0,0,0,0,0,0,0
106502,221703,n,10910.167,0.548330632,1.55,0.036,0.8,-0.032,58.7,0.0015,163.674,0.0,0.0,True,True,True,True,True,False,True,True,True,0,0,0,0,0,0,0
104403,221704,n,8078.833,0.552546746,1.542,0.016,0.806,-0.0295,37.2,0.0035,163.656,0.0,0.0,True,True,True,True,True,True,True,True,True,0,0,0,0,0,0,0
104801,221801,n,13413.0,0.554119583,1.709,0.015,0.782,-0.013,21.9,0.088,163.674,0.0,0.0,True,True,True,True,True,,,,True,0,0,0,0,0,0,0
100802,221802,n,13031.0,0.515764807,1.607,0.0375,0.795,-0.038,34.8,-0.0005,163.659,0.0,0.0,True,True,True,True,True,,,,True,0,1,1,1,0,0,0
105204,221803,n,13245.5,0.553960778,2.184,0.0745,0.79,-0.032,34.8,-0.0005,163.659,0.0,0.0,True,True,True,True,True,,,,True,0,1,1,1,0,0,0
100803,221804,n,13224.333,0.514155047,1.865,0.0325,0.79,-0.0285,34.8,-0.0005,163.659,0.0,0.0,True,True,True,True,True,,,,True,0,1,1,1,0,0,0
101001,221901,n,12390.167,0.511605109,1.609,0.0275,0.793,-0.032,34.8,-0.0005,163.659,0.0,1.0,True,True,True,True,True,,,,True,0,1,1,1,0,0,0
100202,221902,n,12988.333,0.530971778,1.506,0.0195,0.808,-0.0295,34.8,-0.0005,163.659,0.0,0.0,True,True,True,True,True,,,,True,0,1,1,1,0,0,0
105202,221903,n,12350.5,0.554875668,1.659,0.04,0.785,-0.03,34.8,-0.0005,163.659,0.0,0.0,True,True,True,True,True,,,,True,0,1,1,1,0,0,0
100303,221904,n,13143.5,0.530619899,1.234,0.016,0.799,-0.0255,34.8,-0.0005,163.659,0.0,0.0,True,True,True,True,True,,,,True,0,1,1,1,0,0,0
101002,222001,n,13324.667,0.51072174,1.956,0.026,0.788,-0.0295,34.8,-0.0005,163.659,0.0,0.0,True,True,True,True,True,,,,True,0,1,1,1,0,0,0
100102,222002,n,13168.667,0.533120469,1.802,0.037,0.808,-0.03,34.8,-0.0005,163.659,0.0,0.0,True,True,True,True,True,,,,True,0,1,1,1,0,0,0
101003,222003,n,13323.333,0.512117317,1.588,0.0245,0.794,-0.0275,34.8,-0.0005,163.659,0.0,0.0,True,True,True,True,True,,,,True,0,1,1,1,0,0,0
100602,222004,n,12960.5,0.513017134,2.216,0.0355,0.789,-0.038,34.8,-0.0005,163.659,0.0,0.0,True,True,True,True,True,,,,True,0,1,1,1,0,0,0
105203,222101,n,12566.333,0.553733714,1.758,0.0295,0.791,-0.0345,34.8,-0.0005,163.659,0.0,0.0,True,True,True,True,True,,,,True,0,1,1,1,0,0,0
105901,222102,n,12764.5,0.547150934,1.928,0.0235,0.798,-0.025,34.8,-0.0005,163.659,0.0,0.0,True,True,True,True,True,,,,True,0,1,1,1,0,0,0
100804,222103,n,12230.833,0.509617708,2.01,0.0405,0.802,-0.03,34.8,-0.0005,163.659,0.0,0.0,True,True,True,True,True,,,,True,0,1,1,1,0,0,0
100701,222104,n,13240.167,0.514569301,2.554,0.0245,0.788,-0.037,34.8,-0.0005,163.659,0.0,0.0,True,False,True,True,True,,,,True,0,1,1,1,0,0,0
105201,222201,n,12381.333,0.553707784,1.803,0.021,0.792,-0.029,34.8,-0.0005,163.659,0.0,0.0,True,True,True,True,True,,,,True,0,1,1,1,0,0,0
100601,222202,n,12459.5,0.513964202,1.681,0.1155,0.805,-0.0405,34.8,-0.0005,163.659,0.0,0.0,True,True,False,True,True,,,,True,0,1,1,1,0,0,0
100704,222203,n,12242.167,0.513777498,1.878,0.114,0.789,-0.04,34.8,-0.0005,163.659,0.0,0.0,True,True,False,True,True,,,,True,0,1,1,1,0,0,0
100503,222204,n,12468.5,0.514621875,1.747,0.232,0.799,-0.035,34.8,-0.0005,163.659,0.0,0.0,True,True,False,True,True,,,,True,0,1,1,1,0,0,0
106501,222301,n,10105.333,0.549077849,1.806,0.0385,0.787,-0.153,4.76,0.0015,163.656,0.0,3.0,True,True,True,True,False,True,True,True,True,0,0,0,0,0,0,0
104301,222302,n,10436.0,0.555748621,1.583,0.065,0.798,-0.0255,15.5,0.005,163.723,0.0,0.0,True,True,True,True,True,,,,True,0,0,0,0,0,0,0
106403,222303,n,10407.667,0.549240202,1.509,0.015,0.801,-0.0315,32.2,0.0005,163.662,0.0,0.0,True,True,True,True,True,True,True,True,True,0,0,0,0,0,0,0
100402,222304,n,10323.5,0.528685099,1.234,0.03,0.804,-0.031,8.92,-0.001,163.702,0.0,0.0,True,True,True,True,True,True,True,True,True,0,0,0,0,0,0,0
104401,222401,n,11092.5,0.555790153,1.795,0.0255,0.81,-0.0275,30.5,0.0,163.689,0.0,0.0,True,True,True,True,True,True,True,True,True,0,0,0,0,0,0,0
104702,222402,n,10450.5,0.554362011,1.699,0.0215,0.798,-0.0335,12.9,0.001,163.659,0.0,0.0,True,True,True,True,True,True,True,True,True,0,0,0,0,0,0,0
106703,222403,n,10981.333,0.548392305,1.719,0.04,0.802,-0.034,41.9,0.0015,163.662,0.0,0.0,True,True,True,True,True,True,True,True,True,0,0,0,0,0,0,0
104504,222404,n,10755.333,0.552833776,1.842,0.062,0.8,-0.026,38.7,0.0055,163.662,0.0,0.0,True,True,True,True,True,True,True,True,True,0,0,0,0,0,0,0
106304,222501,n,10384.833,0.550729928,1.975,0.0245,0.807,-0.029,26.5,-0.0015,163.701,0.0,0.0,True,True,True,True,True,True,True,True,True,0,0,0,0,0,1,0
103802,222502,n,10189.0,0.517717091,1.962,0.0365,0.805,-0.0385,13.8,0.0,163.666,0.0,0.0,True,True,True,True,True,True,True,True,True,0,0,0,0,0,0,0
106503,222503,n,10798.667,0.547742282,1.729,0.0255,0.806,-0.0345,18.9,0.003,163.653,0.0,0.0,True,True,True,True,True,True,True,True,True,0,0,0,0,0,0,0
106302,222504,n,9928.833,0.549858586,1.623,0.0295,0.804,-0.0305,37.2,0.0,163.662,0.0,0.0,True,True,True,True,True,True,True,True,True,0,0,0,0,0,0,0
106602,222601,n,9630.667,0.548452135,1.543,0.027,0.807,-0.0525,29.9,0.003,163.668,0.0,3.0,True,True,True,True,False,True,True,True,True,0,0,0,0,0,0,0
104501,222602,n,10610.5,0.551937938,1.514,0.021,0.803,-0.029,36.6,0.0035,163.726,0.0,0.0,True,True,True,True,True,True,True,True,True,0,0,0,0,0,0,0
106301,222603,n,10755.333,0.549688089,1.406,0.0195,0.803,-0.0315,19.3,0.005,163.652,0.0,0.0,True,True,True,True,True,True,True,True,True,0,0,0,0,0,0,0
106702,222604,n,9945.5,0.548063678,1.978,0.0355,0.803,-0.0375,40.7,0.0025,163.646,0.0,0.0,True,True,True,True,True,True,True,True,True,0,0,0,0,0,0,0
104402,222702,n,7998.5,0.552692089,1.505,0.0125,0.809,-0.0275,12.7,0.004,163.676,0.0,0.0,True,True,True,True,True,True,True,True,True,0,0,0,0,0,0,0
104404,222703,n,10488.333,0.553583271,1.516,0.015,0.804,-0.028,47.7,0.006,163.68,0.0,0.0,True,True,True,True,True,True,True,True,False,0,0,0,0,0,0,0
104304,222704,n,7103.0,0.555224559,1.52,0.035,0.801,-0.0305,41.5,0.006,163.662,0.0,0.0,True,True,True,True,True,True,True,True,True,0,0,0,0,0,0,0
118703,222801,n,12789.333,0.585112175,1.643,0.064,0.797,-0.035,46.4,0.005,163.68,0.0,0.0,True,True,True,True,True,True,True,True,True,0,0,0,0,0,0,0
118704,222802,n,12908.667,0.583684895,1.675,0.0495,0.769,-0.0355,57.3,0.0055,163.692,0.0,0.0,True,True,True,True,True,False,True,True,True,0,0,0,0,0,0,0
119001,222803,n,12587.167,0.583724565,1.558,0.046,0.776,-0.036,24.3,0.0065,163.684,0.0,0.0,True,True,True,True,True,True,True,True,True,0,0,0,0,0,0,0
118601,222804,n,12816.5,0.581959662,1.775,0.0415,0.77,-0.036,62.6,0.0075,163.689,0.0,0.0,True,True,True,True,True,False,True,True,True,0,0,0,0,0,0,0
119902,222901,n,12587.667,0.57988652,2.072,0.0395,0.781,-0.0365,31.9,0.0005,163.696,0.0,0.0,True,True,True,True,True,True,True,True,True,0,0,0,0,0,0,0
119204,222902,n,12833.833,0.581446228,1.498,0.0535,0.774,-0.035,23.4,0.005,163.69,0.0,0.0,True,True,True,True,True,True,True,True,True,0,0,0,0,0,0,0
120704,222903,n,12177.167,0.606126241,2.296,0.0285,0.78,-0.0375,60.0,0.005,163.704,0.0,0.0,True,True,True,True,True,False,True,True,True,0,0,0,0,0,0,0
118802,222904,n,12912.0,0.584748491,2.015,0.0415,0.767,-0.033,34.3,0.007,163.687,0.0,0.0,True,True,True,True,True,True,True,True,True,0,0,0,0,0,0,0
120503,223001,n,13724.5,0.569885213,2.404,0.024,0.78,-0.0285,54.3,0.012,163.681,0.0,0.0,True,True,True,True,True,False,True,True,True,0,0,0,0,0,0,0
119104,223002,n,12520.667,0.582106486,1.818,0.0495,0.775,-0.0345,29.5,0.018,163.666,0.0,0.0,True,True,True,True,True,True,False,True,True,0,0,0,0,0,0,0
121503,223003,n,13266.167,0.592487165,2.676,0.023,0.782,-0.037,75.3,0.015,163.68,0.0,0.0,True,False,True,True,True,False,True,True,True,0,0,0,0,0,0,0
123104,223004,n,12117.5,0.544123891,6.403,0.053,0.785,-0.043,6.22,0.018,163.679,1.0,1.0,True,False,True,True,True,True,False,True,True,0,0,0,0,0,0,0
118504,223101,n,13138.667,0.585562707,1.512,0.0565,0.767,-0.037,9.87,0.018,163.665,0.0,0.0,True,True,True,True,True,True,False,True,True,0,0,0,0,0,0,0
123202,223102,n,12220.167,0.54149273,6.63,0.068,0.771,-0.043,11.8,0.0175,163.667,1.0,1.0,True,False,True,True,True,True,True,True,True,0,0,0,0,0,0,0
118701,223103,n,12983.5,0.583768315,1.385,0.0355,0.779,-0.037,30.5,0.014,163.682,0.0,0.0,True,True,True,True,True,True,True,True,True,0,0,0,0,0,0,0
123001,223104,n,12532.333,0.539682549,6.059,0.07,0.763,-0.044,7.57,0.013,163.656,1.0,1.0,True,False,True,True,True,True,True,True,True,0,0,0,0,0,0,0
119901,223201,n,13126.833,0.578316718,2.199,0.0355,0.784,-0.031,26.9,0.015,163.662,0.0,0.0,True,True,True,True,True,True,True,True,True,0,0,0,0,0,0,0
123004,223202,n,12573.5,0.541155482,6.98,0.049,0.785,-0.037,41.9,0.0175,163.676,1.0,1.0,True,False,True,True,True,True,True,True,True,0,0,0,0,0,0,0
119202,223203,n,12695.0,0.580257288,1.434,0.0425,0.773,-0.0365,36.9,0.0135,163.667,0.0,0.0,True,True,True,True,True,True,True,True,True,0,0,0,0,0,0,0
123101,223204,n,12043.833,0.542980501,7.983,0.111,0.77,-0.0435,39.7,0.0165,163.674,1.0,1.0,True,False,False,True,True,True,True,True,True,0,0,0,0,0,0,0
120301,223301,n,11721.667,0.576629176,2.554,0.0435,0.775,-0.0365,16.0,0.0205,163.671,0.0,0.0,True,False,True,True,True,True,False,True,True,0,0,0,0,0,0,0
123501,223302,n,11991.5,0.541765455,4.788,0.119,0.768,-0.0375,24.4,0.027,163.705,1.0,1.0,True,False,False,True,True,True,False,True,True,0,0,0,0,0,0,0
123003,223303,n,12347.0,0.543325188,5.839,0.053,0.79,-0.0525,22.5,0.02,163.654,1.0,1.0,True,False,True,True,False,True,False,True,True,0,0,0,0,0,0,0
123901,223304,n,12265.5,0.54233502,6.754,0.045,0.795,-0.0525,28.8,0.017,163.654,1.0,1.0,True,False,True,True,False,True,True,True,True,0,0,0,0,0,0,0
119101,223401,n,12821.0,0.582059485,1.498,0.0585,0.803,-0.0325,4.79,-0.006,163.642,0.0,0.0,True,True,True,True,True,True,True,True,True,0,0,0,0,0,0,0
123502,223402,n,12371.0,0.542778193,6.345,0.107,0.777,-0.0395,19.6,-0.005,163.667,1.0,1.0,True,False,False,True,True,True,True,True,True,0,0,0,0,0,0,0
123103,223403,n,12334.167,0.551694347,6.463,0.094,0.793,-0.052,17.8,-0.0055,163.657,1.0,1.0,True,False,True,True,False,True,True,True,True,0,0,0,0,0,0,0
124802,223404,n,12389.0,0.554381109,6.151,0.302,0.747,-0.0445,21.2,-0.0105,163.658,1.0,1.0,True,False,False,True,True,True,True,True,True,0,0,0,0,0,0,0
122903,223501,n,12108.5,0.542080735,5.879,0.155,0.786,-0.0505,31.7,-0.006,163.661,1.0,1.0,True,False,False,True,False,True,True,True,True,0,0,0,0,0,0,0
123304,223502,n,11546.667,0.541805553,6.543,0.044,0.776,-0.0415,20.6,-0.0065,163.669,1.0,1.0,True,False,True,True,True,True,True,True,True,0,0,0,0,0,0,0
123204,223503,n,12117.833,0.542705101,7.239,0.137,0.788,-0.0445,31.8,0.0135,163.667,1.0,1.0,True,False,False,True,True,True,True,True,True,0,0,0,0,0,0,0
123703,223504,n,12300.0,0.538792962,6.79,0.048,0.783,-0.0455,19.2,-0.0115,163.661,1.0,1.0,True,False,True,True,True,True,True,True,True,0,0,0,0,0,0,0
123201,223601,n,12304.833,0.538506972,6.286,0.146,0.784,-0.037,49.3,-0.0115,163.647,1.0,1.0,True,False,False,True,True,True,True,True,True,0,0,0,0,0,0,0
123504,223602,n,12816.0,0.541191923,7.013,0.061,0.783,-0.0465,23.8,-0.016,163.656,1.0,1.0,True,False,True,True,True,True,True,True,True,0,0,0,0,0,0,0
118503,223603,n,12681.0,0.57703439,1.61,0.044,0.769,-0.0365,3.79,-0.018,163.666,0.0,0.0,True,True,True,True,True,True,False,True,True,0,0,0,0,0,0,0
123802,223604,n,12693.667,0.54190673,6.68,0.045,0.774,-0.039,41.0,-0.013,163.658,1.0,1.0,True,False,True,True,True,True,True,True,True,0,0,0,0,0,0,0
118304,223701,n,13036.833,0.583351868,1.576,0.0395,0.773,-0.0365,11.8,-0.0055,163.654,0.0,0.0,True,True,True,True,True,True,True,True,True,0,0,0,0,0,0,0
123404,223702,n,12388.333,0.541327668,6.736,0.068,0.773,-0.046,33.1,-0.0135,163.644,1.0,1.0,True,False,True,True,True,True,True,True,True,0,0,0,0,0,0,0
122901,223703,n,11845.333,0.546540774,6.38,0.061,0.778,-0.0405,29.2,-0.0115,163.639,1.0,1.0,True,False,True,True,True,True,True,True,True,0,0,0,0,0,0,0
122902,223704,n,12853.167,0.542920577,3.696,0.134,0.798,-0.0395,45.0,-0.0155,163.705,1.0,1.0,True,False,False,True,True,True,True,True,True,0,0,0,0,0,0,0
123801,223801,n,12657.0,0.541789606,6.436,0.143,0.775,-0.0135,57.7,-0.0035,163.755,1.0,1.0,True,False,False,True,True,False,True,False,True,0,0,0,0,0,0,0
123403,223802,n,12516.333,0.542062602,6.651,0.04,0.765,-0.0245,29.2,-0.009,163.676,1.0,1.0,True,False,True,True,True,True,True,True,True,0,0,0,0,0,0,0
123702,223803,n,12821.0,0.54364914,6.745,0.054,0.781,-0.047,29.6,-0.0095,163.682,1.0,1.0,True,False,True,True,True,True,True,True,True,0,0,0,0,0,0,0
123402,223804,n,12488.833,0.541381681,6.731,0.28,0.783,-0.0435,40.2,-0.0115,163.707,1.0,1.0,True,False,False,True,True,True,True,True,True,0,0,0,0,0,0,0
123602,223901,n,12232.833,0.542537898,6.507,0.109,0.758,-0.0415,60.0,0.001,163.733,1.0,1.0,True,False,False,True,True,,,,True,0,0,0,0,0,0,0
123902,223902,n,10898.833,0.542921471,7.248,0.041,0.788,-0.0545,28.1,0.0045,163.687,1.0,1.0,True,False,True,True,False,,,,True,0,0,0,0,0,0,0
123302,223903,n,12568.333,0.542512878,6.165,0.234,0.781,-0.0505,58.3,0.0015,163.638,1.0,1.0,True,False,False,True,False,,,,True,0,0,0,0,0,0,0
123603,223904,n,12599.333,0.541050363,6.895,0.101,0.768,-0.035,40.8,0.0045,163.725,1.0,1.0,True,False,False,True,True,,,,True,0,0,0,0,0,0,0
114504,224001,n,10472.333,0.535581434,3.522,0.057,0.795,-0.047,70.2,-0.004,163.702,0.0,1.0,True,False,True,True,True,,,,True,0,0,0,0,0,0,0
124803,224002,n,12300.0,0.5453889,5.524,0.059,0.799,-0.0465,43.7,0.0115,163.71,1.0,1.0,True,False,True,True,True,,,,True,0,0,0,0,0,0,0
111301,224003,n,12396.0,0.540101865,3.472,0.044,0.794,-0.0415,30.1,0.0015,163.715,0.0,1.0,True,False,True,True,True,,,,True,0,0,0,0,0,0,0
123601,224004,n,12353.0,0.539981529,6.386,0.161,0.767,-0.049,66.3,-0.005,163.741,1.0,1.0,True,False,False,True,False,,,,True,0,0,0,0,0,0,0
111401,224101,n,10944.333,0.545865595,3.955,0.072,0.799,-0.0485,63.9,0.0035,163.728,0.0,1.0,True,False,True,True,True,,,,True,0,0,0,0,0,0,0
123604,224102,n,12356.833,0.539843607,6.786,0.051,0.779,-0.0415,48.0,0.005,163.657,1.0,1.0,True,False,True,True,True,,,,True,0,0,0,0,0,0,0
114702,224103,n,11949.167,0.5482471,3.621,0.044,0.8,-0.064,64.1,0.004,163.706,0.0,1.0,True,False,True,True,False,,,,True,0,0,0,0,0,0,0
111102,224104,n,12550.0,0.553993794,3.341,0.085,0.784,-0.0425,56.5,0.001,163.721,0.0,1.0,True,False,True,True,True,,,,True,0,0,0,0,0,0,0
123503,224201,n,11707.0,0.540384638,4.509,0.19,0.758,-0.0425,57.0,0.001,163.713,1.0,1.0,True,False,False,True,True,,,,True,0,0,0,0,0,0,0
111601,224202,n,11183.167,0.544285825,3.405,0.048,0.784,-0.049,52.3,-0.007,163.683,0.0,1.0,True,False,True,True,False,,,,True,0,0,0,0,0,0,0
111101,224203,n,10833.667,0.544360616,3.889,0.05,0.787,-0.0465,41.8,0.0005,163.701,0.0,1.0,True,False,True,True,True,,,,True,0,0,0,0,0,0,0
118202,224204,n,11366.667,0.537270123,5.372,0.182,0.798,-0.0435,35.3,0.0135,163.682,0.0,1.0,True,False,False,True,True,,,,True,0,0,0,0,0,0,0
123203,224301,n,12247.333,0.542956752,3.46,0.053,0.784,-0.048,50.4,0.008,163.724,1.0,1.0,True,False,True,True,True,,,,True,0,0,0,0,0,0,0
117904,224302,n,11589.167,0.538503824,2.92,0.061,0.785,-0.0455,56.1,-0.003,163.685,0.0,1.0,True,False,True,True,True,,,,True,0,0,0,0,0,0,0
123102,224304,n,12127.5,0.538526449,3.522,0.082,0.782,-0.042,26.9,0.0155,163.68,1.0,1.0,True,False,True,True,True,,,,True,0,0,0,0,0,0,0
111302,224402,n,10325.0,0.545038704,3.601,0.039,0.789,-0.0605,37.4,-0.0065,163.686,0.0,1.0,True,False,True,True,False,,,,True,0,0,0,0,0,0,0
123903,224404,n,11903.667,0.537016958,7.005,0.179,0.797,-0.044,44.0,-0.0035,163.678,1.0,1.0,True,False,False,True,True,,,,True,0,0,0,0,0,0,0
111502,224502,n,11754.667,0.556413905,1.316,0.055,0.779,-0.049,15.8,-0.0055,163.666,0.0,1.0,True,True,True,True,False,,,,True,0,0,0,0,0,0,0
123701,224504,n,11574.667,0.542143415,6.858,0.08,0.776,-0.0475,14.0,-0.017,163.685,1.0,1.0,True,False,True,True,True,,,,True,0,0,0,0,0,0,0
111303,224602,n,10985.667,0.553965473,3.697,0.31,0.79,-0.049,21.0,-0.011,163.674,0.0,1.0,True,False,False,True,False,,,,True,0,0,0,0,0,0,0
123704,224604,n,12143.833,0.540571191,6.449,0.043,0.782,-0.039,36.7,0.0055,163.708,1.0,1.0,True,False,True,True,True,,,,True,0,0,0,0,0,0,0
111503,224702,n,11714.167,0.554857537,2.63,0.049,0.788,0.1155,28.7,-0.0005,163.671,0.0,1.0,True,False,True,True,False,,,,True,0,0,0,0,0,0,0
124901,224704,n,12489.667,0.561474043,6.304,0.04,0.79,-0.0435,44.6,-0.004,163.674,1.0,1.0,True,False,True,True,True,,,,True,0,0,0,0,0,0,0
122904,224801,n,11997.333,0.543149829,4.213,0.079,0.78,-0.0455,41.0,-0.0005,163.655,1.0,1.0,True,False,True,True,True,,,,True,0,0,0,0,0,0,0
118203,224804,n,11970.333,0.553206355,3.701,0.056,0.797,-0.042,47.3,0.009,163.668,0.0,1.0,True,False,True,True,True,,,,True,0,0,0,0,0,0,0
111501,224903,n,11601.333,0.538536988,4.493,0.096,0.785,-0.046,19.2,-0.0055,163.681,0.0,1.0,True,False,True,True,True,,,,True,0,0,0,0,0,0,0
118201,225001,n,12053.0,0.552542927,3.676,0.068,0.799,-0.0445,18.9,-0.0055,163.69,0.0,1.0,True,False,True,True,True,,,,True,0,0,0,0,0,0,0
111304,225002,n,12306.5,0.538586113,3.445,0.173,0.797,-0.0395,12.5,0.0015,163.667,0.0,1.0,True,False,False,True,True,,,,True,0,0,0,0,0,0,0
119801,225004,n,12935.0,0.577117759,1.712,0.0405,0.791,-0.022,27.9,0.003,163.722,0.0,0.0,True,True,True,True,True,,,,,0,0,0,0,0,0,0
